product_no ,product_name ,description ,isactive_char,created_datetime,updated_datetime
1,Product1,pgqorighfa,Y,03-04-2017 07:58,18-10-2017 12:12
2,Product2,lmndaaweth,Y,21-09-2017 12:38,18-10-2017 12:12
3,Product3,urifeubrhh,Y,08-09-2017 10:32,18-10-2017 12:12
4,Product4,rlpcjxfarp,Y,22-05-2017 05:29,18-10-2017 12:12
5,Product5,hzcpozsgfc,Y,02-02-2017 08:40,18-10-2017 12:12
6,Product6,ezhxpqxqdg,Y,13-01-2017 12:47,18-10-2017 12:12
7,Product7,ryxzlwwqlb,Y,07-03-2017 06:00,18-10-2017 12:12
8,Product8,qxnozochtx,Y,01-03-2017 07:33,18-10-2017 12:12
9,Product9,jzbaqtqujn,Y,10-02-2017 08:40,18-10-2017 12:12
10,Product10,codilpwbnl,Y,05-05-2017 09:37,18-10-2017 12:12
11,Product11,bsdpilfhhr,Y,16-06-2017 01:24,18-10-2017 12:12
12,Product12,nhnkcwhyvf,Y,07-01-2017 01:14,18-10-2017 12:12
13,Product13,safifwjeie,Y,09-05-2017 12:51,18-10-2017 12:12
14,Product14,heefybldyp,Y,22-08-2017 08:11,18-10-2017 12:12
15,Product15,jvjledwpyw,Y,01-03-2017 03:14,18-10-2017 12:12
16,Product16,lxdstqukmp,Y,17-04-2017 11:17,18-10-2017 12:12
17,Product17,obttngdxuv,Y,23-05-2017 11:46,18-10-2017 12:12
18,Product18,danspsyoyx,Y,11-07-2017 12:40,18-10-2017 12:12
19,Product19,spbxhocefv,Y,09-06-2017 01:22,18-10-2017 12:12
20,Product20,emreeqdlow,Y,10-10-2017 02:14,18-10-2017 12:12
21,Product21,pjnvqcydkz,Y,18-04-2017 09:57,18-10-2017 12:12
22,Product22,wapgxwnkze,Y,25-02-2017 03:34,18-10-2017 12:12
23,Product23,cnkmpvxnky,Y,02-05-2017 12:30,18-10-2017 12:12
24,Product24,fqbmupgsuw,Y,06-02-2017 09:17,18-10-2017 12:12
25,Product25,xezxnwznyq,N,16-09-2017 09:15,18-10-2017 12:12
26,Product26,mlvoptwmmn,Y,23-04-2017 11:44,18-10-2017 12:12
27,Product27,osrmpegyjb,Y,06-04-2017 05:11,18-10-2017 12:12
28,Product28,wcicmvbnzt,Y,24-09-2017 02:45,18-10-2017 12:12
29,Product29,xixtdoiirr,Y,09-03-2017 12:23,18-10-2017 12:12
30,Product30,ohlklwoixa,Y,20-04-2017 08:51,18-10-2017 12:12
31,Product31,vgrgqrvoyl,Y,29-06-2017 02:05,18-10-2017 12:12
32,Product32,txyqvsiptz,Y,20-08-2017 11:22,18-10-2017 12:12
33,Product33,qcoxcpfmsd,Y,05-04-2017 01:45,18-10-2017 12:12
34,Product34,hmtgozzxmm,Y,25-01-2017 05:10,18-10-2017 12:12
35,Product35,ankutoyfpw,Y,05-01-2017 04:43,18-10-2017 12:12
36,Product36,hryybltlhd,Y,08-03-2017 11:55,18-10-2017 12:12
37,Product37,yhewhwnllk,Y,29-06-2017 03:55,18-10-2017 12:12
38,Product38,upxmibaesw,Y,20-02-2017 12:15,18-10-2017 12:12
39,Product39,iiehjsivrr,Y,25-05-2017 01:31,18-10-2017 12:12
40,Product40,qrdedocopz,Y,17-08-2017 07:43,18-10-2017 12:12
41,Product41,kowpobukiw,Y,11-01-2017 10:50,18-10-2017 12:12
42,Product42,tzsuiabyxl,Y,06-01-2017 01:30,18-10-2017 12:12
43,Product43,qxxhipjsqv,Y,29-06-2017 09:51,18-10-2017 12:12
44,Product44,bvgbgagonr,Y,25-04-2017 05:42,18-10-2017 12:12
45,Product45,mdamhssaku,Y,05-08-2017 10:57,18-10-2017 12:12
46,Product46,puenednnaa,Y,12-04-2017 03:08,18-10-2017 12:12
47,Product47,rqenqcffpi,Y,23-01-2017 07:00,18-10-2017 12:12
48,Product48,cnuhyphtqi,Y,16-10-2017 10:39,18-10-2017 12:12
49,Product49,fptpcsbesm,Y,16-10-2017 10:38,18-10-2017 12:12
50,Product50,xskpiytvps,N,27-09-2017 10:10,18-10-2017 12:12
51,Product51,iclqvipjvz,Y,06-02-2017 08:43,18-10-2017 12:12
52,Product52,tqesclejlo,Y,31-01-2017 12:58,18-10-2017 12:12
53,Product53,hvutkyjwsn,Y,21-05-2017 07:42,18-10-2017 12:12
54,Product54,azxirmteso,Y,02-05-2017 10:45,18-10-2017 12:12
55,Product55,hgymckwbcd,Y,11-05-2017 07:22,18-10-2017 12:12
56,Product56,zfidsxuutq,Y,11-04-2017 06:41,18-10-2017 12:12
57,Product57,adijmfskly,Y,04-09-2017 08:45,18-10-2017 12:12
58,Product58,rfkhkhjypb,Y,01-04-2017 07:26,18-10-2017 12:12
59,Product59,sdhxavzftg,Y,13-04-2017 09:29,18-10-2017 12:12
60,Product60,giqzjijqts,Y,27-01-2017 03:55,18-10-2017 12:12
61,Product61,ycmwjsvygz,Y,23-05-2017 08:25,18-10-2017 12:12
62,Product62,weilqhrrch,Y,25-05-2017 04:44,18-10-2017 12:12
63,Product63,uafsrewtbw,Y,01-07-2017 04:24,18-10-2017 12:12
64,Product64,fvzpixqebt,Y,02-10-2017 09:59,18-10-2017 12:12
65,Product65,wqpoazjleq,Y,07-05-2017 04:55,18-10-2017 12:12
66,Product66,dpxiqyclzv,Y,05-07-2017 01:33,18-10-2017 12:12
67,Product67,oduxmttzbm,Y,11-01-2017 01:31,18-10-2017 12:12
68,Product68,nhokrxnlba,Y,19-08-2017 07:37,18-10-2017 12:12
69,Product69,oscxvtctfv,Y,17-02-2017 09:12,18-10-2017 12:12
70,Product70,aspvnzgefr,Y,26-03-2017 12:31,18-10-2017 12:12
71,Product71,coyvqweuaa,Y,18-05-2017 04:29,18-10-2017 12:12
72,Product72,aeuvoylkju,Y,30-06-2017 07:29,18-10-2017 12:12
73,Product73,sylalwjbxq,Y,04-02-2017 02:35,18-10-2017 12:12
74,Product74,ebxmoyucpp,Y,07-02-2017 10:15,18-10-2017 12:12
75,Product75,bloajtdkam,N,18-07-2017 08:04,18-10-2017 12:12
76,Product76,ayacnyficc,Y,28-03-2017 05:00,18-10-2017 12:12
77,Product77,kkcyrqrvif,Y,27-03-2017 06:37,18-10-2017 12:12
78,Product78,kpyycvwlnv,Y,20-04-2017 01:45,18-10-2017 12:12
79,Product79,qijvcnvxtq,Y,06-01-2017 01:16,18-10-2017 12:12
80,Product80,gidglwqvnb,Y,23-09-2017 01:06,18-10-2017 12:12
81,Product81,ctrwyyixxp,Y,18-06-2017 12:15,18-10-2017 12:12
82,Product82,ignxxzodmc,Y,24-09-2017 02:57,18-10-2017 12:12
83,Product83,xnewtinied,Y,18-02-2017 07:45,18-10-2017 12:12
84,Product84,pdzncjixyi,Y,23-02-2017 03:22,18-10-2017 12:12
85,Product85,ylllcbmyvi,Y,06-07-2017 05:15,18-10-2017 12:12
86,Product86,rvyptpormd,Y,12-03-2017 05:34,18-10-2017 12:12
87,Product87,zbscxghnuf,Y,07-06-2017 11:23,18-10-2017 12:12
88,Product88,benqfvzfdw,Y,10-08-2017 04:09,18-10-2017 12:12
89,Product89,gyddbcttkx,Y,17-08-2017 09:57,18-10-2017 12:12
90,Product90,lyuevuaipj,Y,13-07-2017 02:19,18-10-2017 12:12
91,Product91,erenofcqrn,Y,23-01-2017 11:07,18-10-2017 12:12
92,Product92,iwkyakowkq,Y,24-02-2017 03:35,18-10-2017 12:12
93,Product93,wthxrjsxfd,Y,05-09-2017 05:16,18-10-2017 12:12
94,Product94,twduxynxac,Y,03-09-2017 09:51,18-10-2017 12:12
95,Product95,jreihzncyy,Y,05-04-2017 03:03,18-10-2017 12:12
96,Product96,doqovorvrj,Y,06-05-2017 01:24,18-10-2017 12:12
97,Product97,ahaimgeemg,Y,20-03-2017 01:47,18-10-2017 12:12
98,Product98,xbesfnrrum,Y,03-01-2017 11:40,18-10-2017 12:12
99,Product99,cpvdqmxqsl,Y,23-03-2017 01:04,18-10-2017 12:12
100,Product100,odwwhkmwgj,N,01-09-2017 07:06,18-10-2017 12:12
101,Product101,wgxnokposl,Y,29-04-2017 12:36,18-10-2017 12:12
102,Product102,nuaynouslq,Y,19-06-2017 01:56,18-10-2017 12:12
103,Product103,pyslcmdumf,Y,20-09-2017 01:29,18-10-2017 12:12
104,Product104,aagjbmltwf,Y,12-05-2017 12:09,18-10-2017 12:12
105,Product105,ppzpaejyhd,Y,11-10-2017 10:30,18-10-2017 12:12
106,Product106,vekrfljrar,Y,30-04-2017 08:54,18-10-2017 12:12
107,Product107,dxlounmaco,Y,15-03-2017 07:31,18-10-2017 12:12
108,Product108,ipkzfhkwnk,Y,13-05-2017 06:28,18-10-2017 12:12
109,Product109,ynhcdvknxx,Y,02-06-2017 11:12,18-10-2017 12:12
110,Product110,lowahovsqy,Y,05-10-2017 09:52,18-10-2017 12:12
111,Product111,vquupjplpg,Y,04-03-2017 05:49,18-10-2017 12:12
112,Product112,skwuedsvbm,Y,24-06-2017 11:13,18-10-2017 12:12
113,Product113,fktwodxvig,Y,22-03-2017 06:41,18-10-2017 12:12
114,Product114,jrtgopvesv,Y,06-03-2017 11:00,18-10-2017 12:12
115,Product115,tqynyvbglm,Y,02-02-2017 03:19,18-10-2017 12:12
116,Product116,luqxztgjpk,Y,22-02-2017 08:59,18-10-2017 12:12
117,Product117,jehykwclst,Y,03-03-2017 11:55,18-10-2017 12:12
118,Product118,ghwpflhpcl,Y,14-04-2017 06:00,18-10-2017 12:12
119,Product119,qcvqoxtgil,Y,10-01-2017 01:19,18-10-2017 12:12
120,Product120,brdcfngsjb,Y,25-02-2017 07:29,18-10-2017 12:12
121,Product121,joepshnlqg,Y,24-09-2017 06:23,18-10-2017 12:12
122,Product122,kfbbhffjrt,Y,05-02-2017 08:52,18-10-2017 12:12
123,Product123,ziatfipvbo,Y,01-05-2017 04:33,18-10-2017 12:12
124,Product124,vjcjsydfsj,Y,23-09-2017 06:05,18-10-2017 12:12
125,Product125,tpnrincqjw,N,18-09-2017 05:18,18-10-2017 12:12
126,Product126,ujidxwloyh,Y,20-07-2017 07:38,18-10-2017 12:12
127,Product127,sxuqfszlkr,Y,17-05-2017 01:31,18-10-2017 12:12
128,Product128,mokdlnonyf,Y,04-03-2017 01:57,18-10-2017 12:12
129,Product129,xxkqwtxymv,Y,01-01-2017 05:46,18-10-2017 12:12
130,Product130,mwxypsujhw,Y,25-02-2017 06:46,18-10-2017 12:12
131,Product131,pmveevqkie,Y,04-02-2017 02:40,18-10-2017 12:12
132,Product132,sjbykqihky,Y,12-04-2017 01:17,18-10-2017 12:12
133,Product133,ohstgopqgk,Y,04-04-2017 06:45,18-10-2017 12:12
134,Product134,fevfyhkwik,Y,30-08-2017 05:43,18-10-2017 12:12
135,Product135,pqhmjqatfe,Y,16-06-2017 08:45,18-10-2017 12:12
136,Product136,ecfldqedud,Y,29-01-2017 04:02,18-10-2017 12:12
137,Product137,kjraaxmmui,Y,20-03-2017 05:09,18-10-2017 12:12
138,Product138,qyfamvtztm,Y,17-03-2017 03:35,18-10-2017 12:12
139,Product139,oajzwrbqil,Y,10-04-2017 08:57,18-10-2017 12:12
140,Product140,tjphbxiscz,Y,17-05-2017 06:41,18-10-2017 12:12
141,Product141,pqakemtwuw,Y,02-07-2017 10:13,18-10-2017 12:12
142,Product142,kjlpygfvgt,Y,23-01-2017 12:30,18-10-2017 12:12
143,Product143,rqpcooxxmr,Y,26-02-2017 03:49,18-10-2017 12:12
144,Product144,vzibyompll,Y,07-02-2017 07:43,18-10-2017 12:12
145,Product145,jlcxldigwh,Y,26-03-2017 10:06,18-10-2017 12:12
146,Product146,fuwbhzzqfp,Y,17-04-2017 09:50,18-10-2017 12:12
147,Product147,mlmxljjhkm,Y,11-08-2017 11:49,18-10-2017 12:12
148,Product148,idkpqvbepw,Y,27-02-2017 04:56,18-10-2017 12:12
149,Product149,ubejhpcpcc,Y,27-08-2017 03:16,18-10-2017 12:12
150,Product150,ifsdrptnrs,N,03-02-2017 03:56,18-10-2017 12:12
151,Product151,fvmygtysjn,Y,24-07-2017 10:18,18-10-2017 12:12
152,Product152,hmpzzjsbma,Y,15-08-2017 06:16,18-10-2017 12:12
153,Product153,pyckhgkeit,Y,04-04-2017 01:17,18-10-2017 12:12
154,Product154,lzqnachncy,Y,28-04-2017 05:33,18-10-2017 12:12
155,Product155,ouyazztufd,Y,23-08-2017 05:47,18-10-2017 12:12
156,Product156,luxfrkcjzl,Y,18-01-2017 05:51,18-10-2017 12:12
157,Product157,xmtcbkpblu,Y,15-01-2017 05:22,18-10-2017 12:12
158,Product158,aoeiczayeo,Y,21-02-2017 02:04,18-10-2017 12:12
159,Product159,ilpjfdpevv,Y,10-03-2017 06:54,18-10-2017 12:12
160,Product160,hlwaxtldcf,Y,27-05-2017 12:50,18-10-2017 12:12
161,Product161,cwwvhqzknf,Y,24-09-2017 12:24,18-10-2017 12:12
162,Product162,nheblocfup,Y,22-03-2017 02:18,18-10-2017 12:12
163,Product163,qmdiaiullb,Y,02-10-2017 12:47,18-10-2017 12:12
164,Product164,wjhligqogo,Y,10-01-2017 04:34,18-10-2017 12:12
165,Product165,iinlzpaeha,Y,25-04-2017 08:26,18-10-2017 12:12
166,Product166,hoerzwnzdj,Y,19-04-2017 01:18,18-10-2017 12:12
167,Product167,myhoojuver,Y,20-05-2017 06:55,18-10-2017 12:12
168,Product168,qbsjoijheh,Y,07-08-2017 05:45,18-10-2017 12:12
169,Product169,kztqbtnizd,Y,26-06-2017 11:58,18-10-2017 12:12
170,Product170,pnnmsxjnya,Y,01-03-2017 04:10,18-10-2017 12:12
171,Product171,vyajgqtkvh,Y,24-08-2017 11:00,18-10-2017 12:12
172,Product172,sdgrgupdwz,Y,03-01-2017 07:49,18-10-2017 12:12
173,Product173,axenpbmfpo,Y,17-01-2017 03:00,18-10-2017 12:12
174,Product174,jgulivksee,Y,30-04-2017 01:40,18-10-2017 12:12
175,Product175,fljogzsvxj,N,30-03-2017 05:24,18-10-2017 12:12
176,Product176,nhhwtvktow,Y,21-03-2017 07:20,18-10-2017 12:12
177,Product177,dayyxowyzw,Y,24-02-2017 01:28,18-10-2017 12:12
178,Product178,qrqwwonjoc,Y,12-10-2017 12:00,18-10-2017 12:12
179,Product179,ecohzmmjyb,Y,26-09-2017 11:59,18-10-2017 12:12
180,Product180,upgfmpoitj,Y,15-05-2017 08:42,18-10-2017 12:12
181,Product181,wiokoqblzf,Y,22-02-2017 12:19,18-10-2017 12:12
182,Product182,xhhhflertx,Y,14-02-2017 08:53,18-10-2017 12:12
183,Product183,ikubenbvsv,Y,29-06-2017 01:12,18-10-2017 12:12
184,Product184,rjhvabulqv,Y,21-09-2017 07:07,18-10-2017 12:12
185,Product185,wotggqqwuh,Y,30-04-2017 09:36,18-10-2017 12:12
186,Product186,jchafnlatj,Y,18-03-2017 08:45,18-10-2017 12:12
187,Product187,yexjqmbxet,Y,19-02-2017 08:28,18-10-2017 12:12
188,Product188,yuegogvhkm,Y,28-03-2017 11:03,18-10-2017 12:12
189,Product189,rxkjmdquam,Y,02-08-2017 08:20,18-10-2017 12:12
190,Product190,xferjrwfjz,Y,09-08-2017 03:53,18-10-2017 12:12
191,Product191,qzclqyqvir,Y,02-04-2017 01:43,18-10-2017 12:12
192,Product192,rbwkysongu,Y,20-05-2017 11:42,18-10-2017 12:12
193,Product193,beivctmvqt,Y,03-03-2017 03:52,18-10-2017 12:12
194,Product194,wfeemzlcnf,Y,26-03-2017 01:51,18-10-2017 12:12
195,Product195,afcrfqwedq,Y,05-05-2017 02:15,18-10-2017 12:12
196,Product196,ljzfddafor,Y,07-10-2017 08:45,18-10-2017 12:12
197,Product197,zlvtfdludn,Y,27-01-2017 09:27,18-10-2017 12:12
198,Product198,cgigpjavdu,Y,08-04-2017 07:50,18-10-2017 12:12
199,Product199,ujldnpvvny,Y,12-03-2017 03:52,18-10-2017 12:12
200,Product200,mloljjazrh,N,02-06-2017 03:45,18-10-2017 12:12
201,Product201,rlcvykdgxu,Y,11-07-2017 12:36,18-10-2017 12:12
202,Product202,vwioifbrqz,Y,06-06-2017 08:59,18-10-2017 12:12
203,Product203,putcssuwyf,Y,28-09-2017 07:04,18-10-2017 12:12
204,Product204,pnnusilhef,Y,21-03-2017 05:55,18-10-2017 12:12
205,Product205,aymdyljcri,Y,28-03-2017 03:51,18-10-2017 12:12
206,Product206,kftcsjzxno,Y,10-04-2017 04:30,18-10-2017 12:12
207,Product207,qbdfmkyjys,Y,04-05-2017 03:28,18-10-2017 12:12
208,Product208,bgdzfxnija,Y,09-09-2017 10:52,18-10-2017 12:12
209,Product209,ahhbtinyyy,Y,01-04-2017 11:30,18-10-2017 12:12
210,Product210,ylffcwtwgm,Y,08-03-2017 11:05,18-10-2017 12:12
211,Product211,nxkgpknxip,Y,18-03-2017 12:45,18-10-2017 12:12
212,Product212,eusahtxatx,Y,24-06-2017 01:51,18-10-2017 12:12
213,Product213,whkvqojbcb,Y,24-02-2017 09:30,18-10-2017 12:12
214,Product214,utunfhzrbd,Y,28-02-2017 03:33,18-10-2017 12:12
215,Product215,vtbamcfure,Y,01-02-2017 04:22,18-10-2017 12:12
216,Product216,rqeamwkbyw,Y,15-04-2017 06:59,18-10-2017 12:12
217,Product217,fjojavqozp,Y,24-07-2017 09:06,18-10-2017 12:12
218,Product218,wpsazcucnf,Y,02-08-2017 02:50,18-10-2017 12:12
219,Product219,wooicntkbk,Y,28-01-2017 03:21,18-10-2017 12:12
220,Product220,pdwtqiddcr,Y,22-03-2017 10:19,18-10-2017 12:12
221,Product221,oaaheyyhaj,Y,10-08-2017 06:17,18-10-2017 12:12
222,Product222,gkhpdgzdap,Y,31-08-2017 08:39,18-10-2017 12:12
223,Product223,xfgcnwofrl,Y,23-03-2017 04:19,18-10-2017 12:12
224,Product224,xtnpawiuji,Y,26-03-2017 01:15,18-10-2017 12:12
225,Product225,dzjxykxpxd,N,17-01-2017 06:25,18-10-2017 12:12
226,Product226,vicnhrtsll,Y,07-03-2017 10:47,18-10-2017 12:12
227,Product227,uichmoitju,Y,10-01-2017 12:05,18-10-2017 12:12
228,Product228,byqmsjcfcz,Y,11-05-2017 10:56,18-10-2017 12:12
229,Product229,icxphtpwqb,Y,13-06-2017 10:13,18-10-2017 12:12
230,Product230,jqgcaovcrs,Y,27-01-2017 01:27,18-10-2017 12:12
231,Product231,rhwrdykdfg,Y,06-08-2017 11:45,18-10-2017 12:12
232,Product232,wdhyfpxbgv,Y,11-03-2017 05:37,18-10-2017 12:12
233,Product233,yrblgllvfy,Y,31-05-2017 10:50,18-10-2017 12:12
234,Product234,wrtokyixeu,Y,20-02-2017 05:28,18-10-2017 12:12
235,Product235,brzjprdptb,Y,02-03-2017 08:09,18-10-2017 12:12
236,Product236,shtyowbapv,Y,22-07-2017 06:53,18-10-2017 12:12
237,Product237,wgzowwjabf,Y,21-09-2017 11:52,18-10-2017 12:12
238,Product238,ektxgsrbhh,Y,19-03-2017 02:17,18-10-2017 12:12
239,Product239,rcfkmqhhuw,Y,08-10-2017 12:44,18-10-2017 12:12
240,Product240,arqrbkqwph,Y,03-05-2017 07:15,18-10-2017 12:12
241,Product241,tzsaqfjggv,Y,19-05-2017 09:37,18-10-2017 12:12
242,Product242,ypwrtlmzym,Y,02-06-2017 11:48,18-10-2017 12:12
243,Product243,kjhclkbfvm,Y,14-05-2017 07:33,18-10-2017 12:12
244,Product244,fqfrnjzeom,Y,14-02-2017 06:51,18-10-2017 12:12
245,Product245,ckiqspdmop,Y,12-03-2017 01:18,18-10-2017 12:12
246,Product246,axjalxjdwg,Y,28-02-2017 05:42,18-10-2017 12:12
247,Product247,tfeszjgxjo,Y,31-01-2017 02:36,18-10-2017 12:12
248,Product248,borigvhrzd,Y,09-08-2017 06:21,18-10-2017 12:12
249,Product249,ftsblzgauh,Y,15-08-2017 09:30,18-10-2017 12:12
250,Product250,laefxzfnas,N,07-07-2017 09:52,18-10-2017 12:12
251,Product251,kcmnambuvg,Y,19-03-2017 03:42,18-10-2017 12:12
252,Product252,yyoqxjgbyg,Y,04-10-2017 03:48,18-10-2017 12:12
253,Product253,xxodwjawwa,Y,16-10-2017 10:30,18-10-2017 12:12
254,Product254,ccuuqwhxer,Y,13-07-2017 02:25,18-10-2017 12:12
255,Product255,yiapybamdv,Y,19-02-2017 03:54,18-10-2017 12:12
256,Product256,vhohgnlbod,Y,19-03-2017 12:06,18-10-2017 12:12
257,Product257,jqicdtbtfr,Y,16-09-2017 07:03,18-10-2017 12:12
258,Product258,cgdllvkpwt,Y,20-04-2017 01:00,18-10-2017 12:12
259,Product259,gtsblugkqy,Y,08-08-2017 09:23,18-10-2017 12:12
260,Product260,zqpaxzroee,Y,28-02-2017 05:43,18-10-2017 12:12
261,Product261,euprnfoxrj,Y,27-06-2017 09:57,18-10-2017 12:12
262,Product262,adjytzrakk,Y,11-10-2017 01:25,18-10-2017 12:12
263,Product263,hloorzutly,Y,27-01-2017 07:08,18-10-2017 12:12
264,Product264,nuijeujyrh,Y,20-05-2017 02:35,18-10-2017 12:12
265,Product265,ifogzymkdc,Y,05-04-2017 09:53,18-10-2017 12:12
266,Product266,wcegtgvstv,Y,15-08-2017 06:35,18-10-2017 12:12
267,Product267,tqbamvlpnz,Y,12-05-2017 01:34,18-10-2017 12:12
268,Product268,evvblqcgdp,Y,16-09-2017 01:18,18-10-2017 12:12
269,Product269,ynlbbvaxxo,Y,11-08-2017 11:23,18-10-2017 12:12
270,Product270,gofmydaclb,Y,27-01-2017 11:36,18-10-2017 12:12
271,Product271,cvspuevsoh,Y,19-01-2017 07:40,18-10-2017 12:12
272,Product272,boydjsolmr,Y,09-10-2017 09:29,18-10-2017 12:12
273,Product273,awtqrljwrh,Y,16-09-2017 04:12,18-10-2017 12:12
274,Product274,quusyahapm,Y,06-05-2017 04:37,18-10-2017 12:12
275,Product275,wmkmecunek,N,22-06-2017 01:06,18-10-2017 12:12
276,Product276,dfszparuhw,Y,09-04-2017 05:40,18-10-2017 12:12
277,Product277,jyklchuoko,Y,04-09-2017 02:46,18-10-2017 12:12
278,Product278,ogdhpkvjhw,Y,02-07-2017 09:51,18-10-2017 12:12
279,Product279,sjevqwpyzv,Y,08-07-2017 07:46,18-10-2017 12:12
280,Product280,copgxdcsga,Y,07-03-2017 10:59,18-10-2017 12:12
281,Product281,sjiasweggw,Y,08-06-2017 06:00,18-10-2017 12:12
282,Product282,fvttynkovl,Y,14-04-2017 05:52,18-10-2017 12:12
283,Product283,udtympzvxn,Y,26-02-2017 11:59,18-10-2017 12:12
284,Product284,qqmxovwcpl,Y,10-02-2017 05:15,18-10-2017 12:12
285,Product285,nmjcorratm,Y,04-03-2017 06:36,18-10-2017 12:12
286,Product286,bplufmrvqm,Y,30-05-2017 08:42,18-10-2017 12:12
287,Product287,ykvlaxncke,Y,14-04-2017 10:53,18-10-2017 12:12
288,Product288,wtcqzxrxqb,Y,04-05-2017 06:29,18-10-2017 12:12
289,Product289,yplsohtkpy,Y,11-10-2017 11:22,18-10-2017 12:12
290,Product290,lvpdgpadjd,Y,16-09-2017 01:08,18-10-2017 12:12
291,Product291,lfdilnahzi,Y,14-02-2017 11:27,18-10-2017 12:12
292,Product292,ovkhgqwama,Y,23-07-2017 06:13,18-10-2017 12:12
293,Product293,shhtfvbrcp,Y,17-09-2017 01:03,18-10-2017 12:12
294,Product294,kboeljrwgq,Y,18-03-2017 08:27,18-10-2017 12:12
295,Product295,uwyvfqgpde,Y,28-07-2017 11:28,18-10-2017 12:12
296,Product296,ufigdbkwfj,Y,15-09-2017 07:56,18-10-2017 12:12
297,Product297,wfeqhpakgm,Y,07-02-2017 02:47,18-10-2017 12:12
298,Product298,kkxlmpjyki,Y,14-02-2017 07:41,18-10-2017 12:12
299,Product299,ewexfmeyfr,Y,27-01-2017 10:53,18-10-2017 12:12
300,Product300,ehblapeonb,N,03-09-2017 12:40,18-10-2017 12:12
301,Product301,jbjwdyukgp,Y,28-06-2017 07:44,18-10-2017 12:12
302,Product302,hdifiodoad,Y,15-01-2017 08:41,18-10-2017 12:12
303,Product303,zerxfxnfip,Y,27-01-2017 10:09,18-10-2017 12:12
304,Product304,lohoxeabfj,Y,25-02-2017 12:35,18-10-2017 12:12
305,Product305,gouhvveuoy,Y,05-04-2017 01:00,18-10-2017 12:12
306,Product306,lrgyirjwzo,Y,12-09-2017 11:31,18-10-2017 12:12
307,Product307,rwdlhejbnq,Y,08-08-2017 07:42,18-10-2017 12:12
308,Product308,lxowphzazb,Y,20-01-2017 11:10,18-10-2017 12:12
309,Product309,dyuhpsyqmb,Y,06-05-2017 10:17,18-10-2017 12:12
310,Product310,rjjmaahofk,Y,01-02-2017 12:49,18-10-2017 12:12
311,Product311,mdcsocljsn,Y,22-07-2017 11:33,18-10-2017 12:12
312,Product312,ylxmioolwd,Y,30-03-2017 07:57,18-10-2017 12:12
313,Product313,lzvprqukab,Y,29-07-2017 07:36,18-10-2017 12:12
314,Product314,lrfvaswvjq,Y,07-08-2017 10:47,18-10-2017 12:12
315,Product315,ruinnnhrzq,Y,06-02-2017 11:56,18-10-2017 12:12
316,Product316,rbrmtmhgsf,Y,18-04-2017 12:41,18-10-2017 12:12
317,Product317,qjjujyxpjq,Y,01-04-2017 12:38,18-10-2017 12:12
318,Product318,itlxfowzig,Y,23-01-2017 10:37,18-10-2017 12:12
319,Product319,xvxqulexwa,Y,03-07-2017 05:58,18-10-2017 12:12
320,Product320,qskevnmmbw,Y,25-02-2017 10:40,18-10-2017 12:12
321,Product321,nkggugwiwt,Y,01-03-2017 08:04,18-10-2017 12:12
322,Product322,csvmxtqxsp,Y,17-06-2017 05:34,18-10-2017 12:12
323,Product323,mfhudigcjp,Y,18-06-2017 12:51,18-10-2017 12:12
324,Product324,aaaujggzsw,Y,04-09-2017 07:03,18-10-2017 12:12
325,Product325,vbmeyxtwvp,N,23-04-2017 05:52,18-10-2017 12:12
326,Product326,ugnmdbqivn,Y,20-04-2017 01:35,18-10-2017 12:12
327,Product327,tejuyvbfqe,Y,04-09-2017 03:52,18-10-2017 12:12
328,Product328,dcqyjmmjpy,Y,22-07-2017 08:41,18-10-2017 12:12
329,Product329,dycggfsupc,Y,17-10-2017 06:43,18-10-2017 12:12
330,Product330,stbrjhoxan,Y,02-09-2017 02:29,18-10-2017 12:12
331,Product331,lyyzllpfqt,Y,06-08-2017 07:06,18-10-2017 12:12
332,Product332,cnqetuwkaq,Y,25-04-2017 11:10,18-10-2017 12:12
333,Product333,mxofyyeorl,Y,26-08-2017 03:30,18-10-2017 12:12
334,Product334,qhxhjdvbjv,Y,24-07-2017 03:30,18-10-2017 12:12
335,Product335,xvbhtvabph,Y,14-04-2017 01:04,18-10-2017 12:12
336,Product336,obsezioldf,Y,06-08-2017 05:59,18-10-2017 12:12
337,Product337,ovdowmjfwf,Y,10-06-2017 01:39,18-10-2017 12:12
338,Product338,hydzpwtkxm,Y,16-06-2017 07:51,18-10-2017 12:12
339,Product339,yzfnwbxpvz,Y,03-10-2017 08:17,18-10-2017 12:12
340,Product340,kveeezicts,Y,28-02-2017 02:47,18-10-2017 12:12
341,Product341,mquiqqylzz,Y,09-05-2017 10:03,18-10-2017 12:12
342,Product342,xtsxmboggo,Y,08-03-2017 03:50,18-10-2017 12:12
343,Product343,vyrviqjkhc,Y,13-02-2017 01:19,18-10-2017 12:12
344,Product344,ftnqqxihlh,Y,07-02-2017 10:42,18-10-2017 12:12
345,Product345,trrctekfal,Y,17-06-2017 10:38,18-10-2017 12:12
346,Product346,ywoxmqmuxs,Y,29-05-2017 02:51,18-10-2017 12:12
347,Product347,brmsisvjkt,Y,18-03-2017 07:08,18-10-2017 12:12
348,Product348,pqehojxzxq,Y,05-10-2017 02:38,18-10-2017 12:12
349,Product349,brzqmylhli,Y,06-07-2017 12:31,18-10-2017 12:12
350,Product350,yjdsxmowfm,N,01-02-2017 10:02,18-10-2017 12:12
351,Product351,gtzqndszzf,Y,13-06-2017 06:04,18-10-2017 12:12
352,Product352,euaetrczmp,Y,21-04-2017 02:43,18-10-2017 12:12
353,Product353,cwrdbumysg,Y,15-02-2017 07:19,18-10-2017 12:12
354,Product354,kwgpzxibgb,Y,10-10-2017 11:00,18-10-2017 12:12
355,Product355,foheyzjnxm,Y,26-07-2017 06:51,18-10-2017 12:12
356,Product356,ilqtkxmruw,Y,06-09-2017 02:35,18-10-2017 12:12
357,Product357,huyyfxymbs,Y,27-01-2017 07:31,18-10-2017 12:12
358,Product358,ghdnckvitw,Y,14-04-2017 09:16,18-10-2017 12:12
359,Product359,gdubjrnlvx,Y,07-02-2017 12:39,18-10-2017 12:12
360,Product360,xrnmbhjlro,Y,10-06-2017 12:06,18-10-2017 12:12
361,Product361,uulsyirecs,Y,25-04-2017 05:52,18-10-2017 12:12
362,Product362,mtlyosfnrg,Y,06-01-2017 08:40,18-10-2017 12:12
363,Product363,lsqgzvjmpi,Y,18-01-2017 06:46,18-10-2017 12:12
364,Product364,xaxodvryay,Y,20-09-2017 07:47,18-10-2017 12:12
365,Product365,vvlqcuuybc,Y,25-04-2017 11:58,18-10-2017 12:12
366,Product366,ilcgtepiat,Y,10-03-2017 02:56,18-10-2017 12:12
367,Product367,efasfudiro,Y,25-01-2017 10:41,18-10-2017 12:12
368,Product368,wykxtappsd,Y,25-09-2017 12:41,18-10-2017 12:12
369,Product369,ouomfptnwo,Y,09-01-2017 11:34,18-10-2017 12:12
370,Product370,oskeuyroai,Y,27-07-2017 02:13,18-10-2017 12:12
371,Product371,mejhinbohe,Y,28-02-2017 05:15,18-10-2017 12:12
372,Product372,tvufyqppll,Y,24-01-2017 02:27,18-10-2017 12:12
373,Product373,mghccvhgso,Y,18-07-2017 01:59,18-10-2017 12:12
374,Product374,lehyiqlbpe,Y,13-07-2017 06:11,18-10-2017 12:12
375,Product375,dtxmomsukv,N,08-02-2017 12:32,18-10-2017 12:12
376,Product376,yrvkpocxka,Y,06-09-2017 05:06,18-10-2017 12:12
377,Product377,ljbzycdxyl,Y,25-09-2017 07:07,18-10-2017 12:12
378,Product378,gmurlekykd,Y,19-06-2017 10:14,18-10-2017 12:12
379,Product379,iajcxywzdo,Y,23-02-2017 11:25,18-10-2017 12:12
380,Product380,nebvdpmnlo,Y,30-03-2017 11:03,18-10-2017 12:12
381,Product381,twyeyhohcs,Y,21-07-2017 02:06,18-10-2017 12:12
382,Product382,gfmtufwkah,Y,13-04-2017 11:52,18-10-2017 12:12
383,Product383,ocgzorrzxp,Y,28-01-2017 09:10,18-10-2017 12:12
384,Product384,sdhwyhydwa,Y,07-05-2017 07:49,18-10-2017 12:12
385,Product385,srgqrgqbeb,Y,25-04-2017 09:10,18-10-2017 12:12
386,Product386,fruaghkvpq,Y,10-07-2017 10:02,18-10-2017 12:12
387,Product387,dmdrjbdpxv,Y,25-03-2017 01:16,18-10-2017 12:12
388,Product388,lgjolkknqi,Y,19-04-2017 09:10,18-10-2017 12:12
389,Product389,zgptngzbhg,Y,01-01-2017 01:12,18-10-2017 12:12
390,Product390,korciqwiba,Y,21-06-2017 11:01,18-10-2017 12:12
391,Product391,sdetabqqjt,Y,12-06-2017 12:43,18-10-2017 12:12
392,Product392,nuziakzbhx,Y,03-06-2017 08:17,18-10-2017 12:12
393,Product393,btshboklen,Y,20-08-2017 02:50,18-10-2017 12:12
394,Product394,cwgodjdrna,Y,27-06-2017 03:52,18-10-2017 12:12
395,Product395,nohieftbij,Y,02-08-2017 12:16,18-10-2017 12:12
396,Product396,osnedvuoop,Y,10-03-2017 11:35,18-10-2017 12:12
397,Product397,vrdnvtanez,Y,25-03-2017 10:04,18-10-2017 12:12
398,Product398,llkeroszkn,Y,12-10-2017 04:45,18-10-2017 12:12
399,Product399,yfnvzsxlsp,Y,08-07-2017 07:44,18-10-2017 12:12
400,Product400,sirxgaypbj,N,08-05-2017 07:21,18-10-2017 12:12
401,Product401,pjtiniempl,Y,26-08-2017 10:29,18-10-2017 12:12
402,Product402,lmblctuwcj,Y,18-09-2017 05:03,18-10-2017 12:12
403,Product403,qdlcuqyslp,Y,10-10-2017 10:10,18-10-2017 12:12
404,Product404,ofphlvnbiq,Y,22-03-2017 09:32,18-10-2017 12:12
405,Product405,fhhuqycrcd,Y,13-09-2017 08:51,18-10-2017 12:12
406,Product406,wxckddvibq,Y,27-05-2017 06:59,18-10-2017 12:12
407,Product407,lckmbnarws,Y,10-06-2017 02:05,18-10-2017 12:12
408,Product408,tdocelirmc,Y,02-04-2017 08:11,18-10-2017 12:12
409,Product409,dxmrmybksj,Y,14-04-2017 01:27,18-10-2017 12:12
410,Product410,wiwarmxzel,Y,05-10-2017 07:48,18-10-2017 12:12
411,Product411,rhajdwablz,Y,14-06-2017 02:20,18-10-2017 12:12
412,Product412,ufhyjojcxg,Y,03-06-2017 08:39,18-10-2017 12:12
413,Product413,oexzmlcqxv,Y,16-10-2017 12:32,18-10-2017 12:12
414,Product414,llsqatzxnf,Y,17-07-2017 01:42,18-10-2017 12:12
415,Product415,zrwohvatry,Y,27-04-2017 01:55,18-10-2017 12:12
416,Product416,crwagxgngc,Y,23-09-2017 08:40,18-10-2017 12:12
417,Product417,gtjisgxfvc,Y,05-01-2017 09:51,18-10-2017 12:12
418,Product418,bprklkjvjq,Y,23-08-2017 01:38,18-10-2017 12:12
419,Product419,bffpiheins,Y,07-02-2017 12:07,18-10-2017 12:12
420,Product420,abxgdxnzdg,Y,20-09-2017 08:44,18-10-2017 12:12
421,Product421,ioqcfsbeqh,Y,30-03-2017 12:04,18-10-2017 12:12
422,Product422,cfohwkamns,Y,09-08-2017 02:16,18-10-2017 12:12
423,Product423,ugfyabzwck,Y,07-07-2017 02:07,18-10-2017 12:12
424,Product424,oxvtklllqk,Y,12-05-2017 04:55,18-10-2017 12:12
425,Product425,mwvlmpoeua,N,09-06-2017 12:06,18-10-2017 12:12
426,Product426,msjfxwmdfj,Y,10-07-2017 06:41,18-10-2017 12:12
427,Product427,rnqzbzweys,Y,14-09-2017 10:44,18-10-2017 12:12
428,Product428,ezjepjjshu,Y,30-09-2017 09:40,18-10-2017 12:12
429,Product429,xqocmtwjlm,Y,12-09-2017 06:56,18-10-2017 12:12
430,Product430,rfwngtkkkg,Y,27-02-2017 05:52,18-10-2017 12:12
431,Product431,wzlulhmjoc,Y,15-01-2017 12:27,18-10-2017 12:12
432,Product432,aswgqhlcjv,Y,29-06-2017 07:04,18-10-2017 12:12
433,Product433,qkbqwajgzf,Y,10-08-2017 06:36,18-10-2017 12:12
434,Product434,rckajgnacu,Y,07-04-2017 08:07,18-10-2017 12:12
435,Product435,imkrnsuvcz,Y,09-08-2017 05:33,18-10-2017 12:12
436,Product436,yfwnaexutq,Y,29-06-2017 03:32,18-10-2017 12:12
437,Product437,fhrikowivr,Y,08-06-2017 05:46,18-10-2017 12:12
438,Product438,youufwvjmr,Y,30-08-2017 12:57,18-10-2017 12:12
439,Product439,jdrhsystmd,Y,11-09-2017 02:22,18-10-2017 12:12
440,Product440,giuryjviqk,Y,04-10-2017 01:17,18-10-2017 12:12
441,Product441,igrafnpxzs,Y,07-08-2017 10:47,18-10-2017 12:12
442,Product442,zxykfghttq,Y,06-07-2017 06:16,18-10-2017 12:12
443,Product443,npsttcyhxs,Y,30-01-2017 12:34,18-10-2017 12:12
444,Product444,jvnwhqnbjh,Y,09-03-2017 09:29,18-10-2017 12:12
445,Product445,xjxjwzoupb,Y,08-03-2017 12:36,18-10-2017 12:12
446,Product446,tdmccmyzbf,Y,25-05-2017 04:52,18-10-2017 12:12
447,Product447,uoucflavbv,Y,12-10-2017 05:14,18-10-2017 12:12
448,Product448,ueqxiipkgp,Y,04-03-2017 03:17,18-10-2017 12:12
449,Product449,iqzxdynwnk,Y,18-05-2017 08:58,18-10-2017 12:12
450,Product450,ftowhxobap,N,04-01-2017 12:10,18-10-2017 12:12
451,Product451,svnqocdqch,Y,24-04-2017 01:44,18-10-2017 12:12
452,Product452,wahhvielvb,Y,29-04-2017 08:44,18-10-2017 12:12
453,Product453,qisfsklnlr,Y,02-09-2017 02:30,18-10-2017 12:12
454,Product454,hqwdpkwhyu,Y,22-01-2017 11:31,18-10-2017 12:12
455,Product455,omiipkivxi,Y,27-08-2017 07:52,18-10-2017 12:12
456,Product456,mckwkxldea,Y,05-05-2017 04:53,18-10-2017 12:12
457,Product457,cxtcvuhnlr,Y,14-10-2017 01:40,18-10-2017 12:12
458,Product458,rwkslhsvpv,Y,05-10-2017 04:23,18-10-2017 12:12
459,Product459,iblxkcqrkk,Y,21-06-2017 01:28,18-10-2017 12:12
460,Product460,hwrkxsntsx,Y,24-07-2017 09:03,18-10-2017 12:12
461,Product461,zxhmqsujhz,Y,12-08-2017 06:31,18-10-2017 12:12
462,Product462,jzcisnioea,Y,03-02-2017 04:35,18-10-2017 12:12
463,Product463,ltfaqzvyba,Y,30-06-2017 05:25,18-10-2017 12:12
464,Product464,pegqbhbaif,Y,19-07-2017 05:53,18-10-2017 12:12
465,Product465,upbmrrxvvo,Y,26-09-2017 05:41,18-10-2017 12:12
466,Product466,hzgyqindpi,Y,16-03-2017 02:06,18-10-2017 12:12
467,Product467,btjwmbjutt,Y,17-10-2017 11:59,18-10-2017 12:12
468,Product468,gkvtuntyub,Y,07-05-2017 06:59,18-10-2017 12:12
469,Product469,sqymycdrin,Y,12-01-2017 06:42,18-10-2017 12:12
470,Product470,qdoujprznf,Y,22-06-2017 09:27,18-10-2017 12:12
471,Product471,bfelttzpnv,Y,16-02-2017 06:37,18-10-2017 12:12
472,Product472,ocdcpergsc,Y,13-10-2017 07:40,18-10-2017 12:12
473,Product473,nmvmfgnyzb,Y,02-01-2017 05:28,18-10-2017 12:12
474,Product474,obwpyaymgq,Y,29-09-2017 09:54,18-10-2017 12:12
475,Product475,kvejtmzhli,N,26-07-2017 08:41,18-10-2017 12:12
476,Product476,zxcymvkumh,Y,30-06-2017 08:56,18-10-2017 12:12
477,Product477,hiwyttzrro,Y,14-07-2017 04:35,18-10-2017 12:12
478,Product478,hnpldohufy,Y,02-05-2017 05:36,18-10-2017 12:12
479,Product479,ovlthizylj,Y,02-01-2017 07:16,18-10-2017 12:12
480,Product480,ctvrqocjby,Y,13-06-2017 10:31,18-10-2017 12:12
481,Product481,pkwxjnvzuy,Y,27-06-2017 01:53,18-10-2017 12:12
482,Product482,jjbkmfoeny,Y,07-04-2017 08:38,18-10-2017 12:12
483,Product483,nildkicmse,Y,20-01-2017 05:44,18-10-2017 12:12
484,Product484,bsglluiipz,Y,08-03-2017 10:21,18-10-2017 12:12
485,Product485,uqiaaaganz,Y,29-08-2017 03:09,18-10-2017 12:12
486,Product486,qtidpeolsd,Y,02-08-2017 03:59,18-10-2017 12:12
487,Product487,tcgjbreere,Y,31-01-2017 01:37,18-10-2017 12:12
488,Product488,wmaijgbdtj,Y,05-07-2017 11:21,18-10-2017 12:12
489,Product489,lmjahxyhqq,Y,22-08-2017 02:35,18-10-2017 12:12
490,Product490,tciljwoerf,Y,24-09-2017 08:51,18-10-2017 12:12
491,Product491,hyzbyigaca,Y,29-07-2017 04:06,18-10-2017 12:12
492,Product492,ibyhtjtnim,Y,24-01-2017 03:00,18-10-2017 12:12
493,Product493,oaztvafwuu,Y,22-08-2017 05:01,18-10-2017 12:12
494,Product494,vpdhwjrjef,Y,26-02-2017 05:41,18-10-2017 12:12
495,Product495,pfkufrxxfr,Y,09-01-2017 12:20,18-10-2017 12:12
496,Product496,zgqigctntq,Y,04-05-2017 02:33,18-10-2017 12:12
497,Product497,cwjwzybgsa,Y,17-03-2017 02:16,18-10-2017 12:12
498,Product498,qctfkirusl,Y,03-07-2017 01:32,18-10-2017 12:12
499,Product499,wuxpjdgtcl,Y,23-02-2017 10:46,18-10-2017 12:12
500,Product500,qevhubiykz,N,30-01-2017 07:25,18-10-2017 12:12
501,Product501,ggmwtuwmer,Y,24-09-2017 04:30,18-10-2017 12:12
502,Product502,tveoqyezjm,Y,16-07-2017 05:11,18-10-2017 12:12
503,Product503,issdtojfpg,Y,15-04-2017 08:01,18-10-2017 12:12
504,Product504,ihydckxery,Y,27-08-2017 10:51,18-10-2017 12:12
505,Product505,rdelovkhlk,Y,03-01-2017 01:32,18-10-2017 12:12
506,Product506,antbvuuirg,Y,19-09-2017 07:11,18-10-2017 12:12
507,Product507,drhzkkhwbd,Y,12-10-2017 03:16,18-10-2017 12:12
508,Product508,etsutklvbv,Y,25-08-2017 02:19,18-10-2017 12:12
509,Product509,vxzqcrhjxi,Y,21-08-2017 10:11,18-10-2017 12:12
510,Product510,uvtnovrhmy,Y,10-02-2017 08:24,18-10-2017 12:12
511,Product511,uhqzdssqch,Y,29-09-2017 05:30,18-10-2017 12:12
512,Product512,tkoyonxaim,Y,13-03-2017 01:25,18-10-2017 12:12
513,Product513,aizowmmgsq,Y,10-10-2017 04:51,18-10-2017 12:12
514,Product514,jziftosird,Y,29-06-2017 01:47,18-10-2017 12:12
515,Product515,wrlsemjoda,Y,07-08-2017 09:43,18-10-2017 12:12
516,Product516,epimgxcmyc,Y,01-03-2017 05:54,18-10-2017 12:12
517,Product517,rjxlclgemx,Y,21-08-2017 08:18,18-10-2017 12:12
518,Product518,lcdtdthhqc,Y,07-07-2017 09:34,18-10-2017 12:12
519,Product519,yozlsilzug,Y,02-01-2017 03:32,18-10-2017 12:12
520,Product520,hdyfkagbyx,Y,27-04-2017 12:36,18-10-2017 12:12
521,Product521,rmnlkemvpu,Y,12-07-2017 09:43,18-10-2017 12:12
522,Product522,isskesqslx,Y,24-07-2017 08:37,18-10-2017 12:12
523,Product523,ccdvckjmtw,Y,01-01-2017 04:26,18-10-2017 12:12
524,Product524,skpdqbzfnd,Y,27-04-2017 11:01,18-10-2017 12:12
525,Product525,omezyvbiqb,N,09-04-2017 09:19,18-10-2017 12:12
526,Product526,hhiyjyxrct,Y,15-07-2017 12:44,18-10-2017 12:12
527,Product527,dcoqnoghao,Y,22-05-2017 05:35,18-10-2017 12:12
528,Product528,uigzxwftll,Y,01-01-2017 08:22,18-10-2017 12:12
529,Product529,oaoqlpzbgx,Y,06-06-2017 07:42,18-10-2017 12:12
530,Product530,twgbgmdpki,Y,23-01-2017 09:28,18-10-2017 12:12
531,Product531,oshuqfpggy,Y,17-03-2017 02:55,18-10-2017 12:12
532,Product532,yfhzjgbmec,Y,15-08-2017 02:40,18-10-2017 12:12
533,Product533,isyojbwfbi,Y,26-05-2017 11:34,18-10-2017 12:12
534,Product534,eyrpzijarl,Y,14-03-2017 12:46,18-10-2017 12:12
535,Product535,ywxwjcjhzg,Y,03-09-2017 02:24,18-10-2017 12:12
536,Product536,wjunuulcqc,Y,09-08-2017 01:59,18-10-2017 12:12
537,Product537,djzvxmocby,Y,22-09-2017 01:51,18-10-2017 12:12
538,Product538,levqrhwgjc,Y,08-02-2017 05:53,18-10-2017 12:12
539,Product539,zzddpqvyuf,Y,05-09-2017 07:03,18-10-2017 12:12
540,Product540,tbouewhpzu,Y,02-05-2017 08:46,18-10-2017 12:12
541,Product541,qyzxgqjtbr,Y,09-03-2017 08:40,18-10-2017 12:12
542,Product542,cuakdejgft,Y,02-07-2017 07:47,18-10-2017 12:12
543,Product543,upuvizwjin,Y,14-04-2017 09:39,18-10-2017 12:12
544,Product544,jjckiahxzy,Y,28-01-2017 09:27,18-10-2017 12:12
545,Product545,doltxllzgg,Y,16-04-2017 01:07,18-10-2017 12:12
546,Product546,sricchlpdg,Y,18-01-2017 07:19,18-10-2017 12:12
547,Product547,eqpvbnjqbz,Y,06-07-2017 10:43,18-10-2017 12:12
548,Product548,wtxnnxgbia,Y,22-01-2017 12:24,18-10-2017 12:12
549,Product549,wzpyhasnxn,Y,02-09-2017 02:06,18-10-2017 12:12
550,Product550,bwbegjgbex,N,26-04-2017 10:44,18-10-2017 12:12
551,Product551,tcifebpwae,Y,25-07-2017 05:29,18-10-2017 12:12
552,Product552,svvhfgkynu,Y,10-05-2017 03:11,18-10-2017 12:12
553,Product553,ucdmxlroxt,Y,21-01-2017 10:18,18-10-2017 12:12
554,Product554,vqdgvxwejx,Y,23-06-2017 09:01,18-10-2017 12:12
555,Product555,anbzwyrqmw,Y,09-04-2017 09:36,18-10-2017 12:12
556,Product556,nxtmfmkfgk,Y,03-01-2017 05:13,18-10-2017 12:12
557,Product557,vqjrkvkeep,Y,11-08-2017 04:56,18-10-2017 12:12
558,Product558,simoguboao,Y,06-04-2017 04:54,18-10-2017 12:12
559,Product559,gxmcjfhwgf,Y,07-03-2017 06:45,18-10-2017 12:12
560,Product560,pgfqahkanh,Y,27-01-2017 02:52,18-10-2017 12:12
561,Product561,xjzdwpywhd,Y,08-06-2017 04:41,18-10-2017 12:12
562,Product562,kelmnijuzr,Y,20-01-2017 10:24,18-10-2017 12:12
563,Product563,evfhgqdddb,Y,11-03-2017 04:31,18-10-2017 12:12
564,Product564,zkalvgikhy,Y,08-05-2017 12:07,18-10-2017 12:12
565,Product565,ycrqjrnxhf,Y,03-08-2017 04:10,18-10-2017 12:12
566,Product566,keyhqvguuo,Y,17-04-2017 02:48,18-10-2017 12:12
567,Product567,zzpachgnkl,Y,01-03-2017 06:28,18-10-2017 12:12
568,Product568,lipfuobsto,Y,08-09-2017 04:23,18-10-2017 12:12
569,Product569,ztpxvvzdoa,Y,25-06-2017 01:21,18-10-2017 12:12
570,Product570,hkiaetfwwy,Y,08-08-2017 05:40,18-10-2017 12:12
571,Product571,jehhljctwp,Y,18-06-2017 08:46,18-10-2017 12:12
572,Product572,lspmgbxmaq,Y,19-04-2017 12:25,18-10-2017 12:12
573,Product573,yygevkowui,Y,29-08-2017 04:11,18-10-2017 12:12
574,Product574,kugslnmxao,Y,25-05-2017 10:45,18-10-2017 12:12
575,Product575,lanfvkacxo,N,24-01-2017 10:20,18-10-2017 12:12
576,Product576,sthhufdnnc,Y,06-03-2017 01:14,18-10-2017 12:12
577,Product577,jwkaffzhzl,Y,04-07-2017 09:41,18-10-2017 12:12
578,Product578,nsxwdmvych,Y,03-01-2017 01:23,18-10-2017 12:12
579,Product579,cnrgyixoex,Y,21-08-2017 01:51,18-10-2017 12:12
580,Product580,inbizaxlkt,Y,31-01-2017 10:41,18-10-2017 12:12
581,Product581,tinehwbxnc,Y,07-01-2017 08:49,18-10-2017 12:12
582,Product582,jwffvugyoo,Y,15-05-2017 06:00,18-10-2017 12:12
583,Product583,ljgnhwdvcp,Y,14-05-2017 07:23,18-10-2017 12:12
584,Product584,wfuezujsuf,Y,21-05-2017 11:54,18-10-2017 12:12
585,Product585,ckzdwaqzfr,Y,22-05-2017 04:46,18-10-2017 12:12
586,Product586,tzgzvtxrgj,Y,30-06-2017 03:09,18-10-2017 12:12
587,Product587,kgtgzphbsv,Y,20-04-2017 04:33,18-10-2017 12:12
588,Product588,yxaaouhjkr,Y,23-07-2017 12:34,18-10-2017 12:12
589,Product589,rwpzqbjhis,Y,23-03-2017 05:38,18-10-2017 12:12
590,Product590,jlymwjoskx,Y,05-06-2017 06:50,18-10-2017 12:12
591,Product591,xszyxqnmua,Y,08-03-2017 07:05,18-10-2017 12:12
592,Product592,bcavjckoqg,Y,08-03-2017 03:51,18-10-2017 12:12
593,Product593,qevxgphgft,Y,21-05-2017 04:52,18-10-2017 12:12
594,Product594,zbosdeekkb,Y,12-04-2017 12:30,18-10-2017 12:12
595,Product595,euiaxxcitx,Y,31-01-2017 01:38,18-10-2017 12:12
596,Product596,llpybospyk,Y,07-02-2017 05:54,18-10-2017 12:12
597,Product597,eebzjrquqi,Y,18-03-2017 12:08,18-10-2017 12:12
598,Product598,vxoiktwlgt,Y,21-08-2017 10:11,18-10-2017 12:12
599,Product599,zmfslzddaz,Y,20-03-2017 08:06,18-10-2017 12:12
600,Product600,avidtkmqcv,N,18-02-2017 04:48,18-10-2017 12:12
601,Product601,ydobyldwax,Y,14-05-2017 07:10,18-10-2017 12:12
602,Product602,xpagvycaek,Y,12-07-2017 01:35,18-10-2017 12:12
603,Product603,peworzqkal,Y,24-09-2017 10:49,18-10-2017 12:12
604,Product604,xefymnfcbu,Y,02-01-2017 10:35,18-10-2017 12:12
605,Product605,kphlifxymx,Y,05-02-2017 07:58,18-10-2017 12:12
606,Product606,zzyexyvfjr,Y,18-07-2017 03:37,18-10-2017 12:12
607,Product607,kpypxhmyxg,Y,27-05-2017 04:40,18-10-2017 12:12
608,Product608,jqcaeghgvm,Y,15-10-2017 08:04,18-10-2017 12:12
609,Product609,xhhynhamxf,Y,12-08-2017 08:26,18-10-2017 12:12
610,Product610,iqpmghbzgg,Y,11-01-2017 11:37,18-10-2017 12:12
611,Product611,tbaycwnvfs,Y,09-07-2017 12:37,18-10-2017 12:12
612,Product612,qtfddkydlw,Y,02-01-2017 03:57,18-10-2017 12:12
613,Product613,xokgjbbiih,Y,05-02-2017 03:48,18-10-2017 12:12
614,Product614,grqvjbedsr,Y,19-07-2017 08:41,18-10-2017 12:12
615,Product615,glqhilyveo,Y,15-03-2017 09:41,18-10-2017 12:12
616,Product616,bnpuzwhubb,Y,12-10-2017 09:20,18-10-2017 12:12
617,Product617,gnlmlawjuu,Y,20-07-2017 09:35,18-10-2017 12:12
618,Product618,zpthuqcyay,Y,30-04-2017 05:47,18-10-2017 12:12
619,Product619,xlvkaowrmd,Y,07-04-2017 06:42,18-10-2017 12:12
620,Product620,yebqsydrbb,Y,02-05-2017 09:07,18-10-2017 12:12
621,Product621,qfmfgbcaeq,Y,23-09-2017 12:34,18-10-2017 12:12
622,Product622,iuqyhftrnm,Y,01-06-2017 02:27,18-10-2017 12:12
623,Product623,itreimrsst,Y,01-03-2017 05:28,18-10-2017 12:12
624,Product624,djczklzgxv,Y,05-05-2017 04:53,18-10-2017 12:12
625,Product625,ptrssoanaj,N,14-07-2017 05:43,18-10-2017 12:12
626,Product626,ohkrvaajuo,Y,05-07-2017 08:38,18-10-2017 12:12
627,Product627,mhzokauywb,Y,25-09-2017 07:33,18-10-2017 12:12
628,Product628,gkkqkradla,Y,20-05-2017 03:50,18-10-2017 12:12
629,Product629,hjdmdjoeiy,Y,03-08-2017 02:05,18-10-2017 12:12
630,Product630,ufzymzcfma,Y,09-02-2017 11:47,18-10-2017 12:12
631,Product631,orepsxpmeb,Y,03-05-2017 02:25,18-10-2017 12:12
632,Product632,aoqftgrmfr,Y,27-01-2017 09:03,18-10-2017 12:12
633,Product633,dxpprzdurk,Y,03-04-2017 01:18,18-10-2017 12:12
634,Product634,rdpptdgfsr,Y,06-01-2017 11:10,18-10-2017 12:12
635,Product635,wduyxigzod,Y,12-06-2017 09:12,18-10-2017 12:12
636,Product636,szefchudzb,Y,18-04-2017 05:03,18-10-2017 12:12
637,Product637,nnfoqjbdfy,Y,06-10-2017 11:50,18-10-2017 12:12
638,Product638,aurexymqcu,Y,10-04-2017 09:54,18-10-2017 12:12
639,Product639,odmbzonhyh,Y,01-03-2017 09:50,18-10-2017 12:12
640,Product640,yemjqpimoc,Y,19-03-2017 03:22,18-10-2017 12:12
641,Product641,sdhulxncdy,Y,14-02-2017 08:00,18-10-2017 12:12
642,Product642,kfcaftmcqm,Y,12-03-2017 12:17,18-10-2017 12:12
643,Product643,pumbiqkduw,Y,05-08-2017 08:15,18-10-2017 12:12
644,Product644,pfmsjwfntn,Y,08-01-2017 06:23,18-10-2017 12:12
645,Product645,hdjroozejo,Y,22-06-2017 05:14,18-10-2017 12:12
646,Product646,izxqehktqg,Y,13-10-2017 10:38,18-10-2017 12:12
647,Product647,iwlpyxdygz,Y,02-08-2017 05:47,18-10-2017 12:12
648,Product648,cvvtbiiamy,Y,05-03-2017 01:11,18-10-2017 12:12
649,Product649,asjdknyqbr,Y,27-04-2017 04:42,18-10-2017 12:12
650,Product650,cgrupqkyli,N,13-04-2017 05:02,18-10-2017 12:12
651,Product651,iupzoojlmq,Y,16-01-2017 04:48,18-10-2017 12:12
652,Product652,ygrkqwjral,Y,06-03-2017 10:48,18-10-2017 12:12
653,Product653,uatbxjpftj,Y,18-08-2017 11:55,18-10-2017 12:12
654,Product654,acrqynxonl,Y,19-09-2017 06:15,18-10-2017 12:12
655,Product655,sttwlhsqpe,Y,24-08-2017 01:24,18-10-2017 12:12
656,Product656,seacqelbqd,Y,09-01-2017 02:55,18-10-2017 12:12
657,Product657,hvxsrgjnod,Y,11-05-2017 10:27,18-10-2017 12:12
658,Product658,skwqgxqbbf,Y,13-06-2017 06:50,18-10-2017 12:12
659,Product659,zrzntqkpsh,Y,08-03-2017 04:26,18-10-2017 12:12
660,Product660,lbkmhpngfs,Y,21-05-2017 10:26,18-10-2017 12:12
661,Product661,ngmqwraobu,Y,11-05-2017 12:58,18-10-2017 12:12
662,Product662,whewgvlkvv,Y,04-02-2017 12:53,18-10-2017 12:12
663,Product663,zontgraifz,Y,01-02-2017 06:16,18-10-2017 12:12
664,Product664,xdecouxdwk,Y,31-01-2017 01:05,18-10-2017 12:12
665,Product665,gcdtdqubbr,Y,04-08-2017 01:37,18-10-2017 12:12
666,Product666,gkimgxrflp,Y,06-01-2017 04:36,18-10-2017 12:12
667,Product667,zuazymzyqz,Y,31-08-2017 06:47,18-10-2017 12:12
668,Product668,gvrjstzdzy,Y,27-08-2017 10:37,18-10-2017 12:12
669,Product669,dmbexegizq,Y,22-04-2017 11:08,18-10-2017 12:12
670,Product670,hvryrzniuy,Y,01-01-2017 06:18,18-10-2017 12:12
671,Product671,ysdibxygcg,Y,17-08-2017 04:33,18-10-2017 12:12
672,Product672,hfsygyztta,Y,16-09-2017 08:00,18-10-2017 12:12
673,Product673,pcegyihhyw,Y,11-02-2017 03:03,18-10-2017 12:12
674,Product674,aemdqcayxj,Y,27-08-2017 06:31,18-10-2017 12:12
675,Product675,twijeufgcw,N,13-08-2017 11:05,18-10-2017 12:12
676,Product676,szkfmivllj,Y,24-04-2017 01:23,18-10-2017 12:12
677,Product677,imtfdufilt,Y,09-08-2017 12:20,18-10-2017 12:12
678,Product678,yxdfhstman,Y,05-04-2017 10:25,18-10-2017 12:12
679,Product679,xovmrslyle,Y,15-04-2017 05:29,18-10-2017 12:12
680,Product680,yffabyxmnm,Y,18-06-2017 03:23,18-10-2017 12:12
681,Product681,xboycaouyc,Y,10-02-2017 02:46,18-10-2017 12:12
682,Product682,ntfhxqmeet,Y,01-10-2017 02:36,18-10-2017 12:12
683,Product683,tobpjpufjk,Y,10-04-2017 06:22,18-10-2017 12:12
684,Product684,ztsqhcnybu,Y,19-05-2017 09:52,18-10-2017 12:12
685,Product685,qoryoiocqa,Y,14-07-2017 12:23,18-10-2017 12:12
686,Product686,cdkwcwwjhr,Y,17-05-2017 09:54,18-10-2017 12:12
687,Product687,guctmqaikm,Y,06-02-2017 07:39,18-10-2017 12:12
688,Product688,uywvtwsynm,Y,22-08-2017 06:40,18-10-2017 12:12
689,Product689,xfjblpobak,Y,26-04-2017 12:12,18-10-2017 12:12
690,Product690,hrnnozydul,Y,01-09-2017 05:53,18-10-2017 12:12
691,Product691,vzqzipplgo,Y,15-07-2017 07:45,18-10-2017 12:12
692,Product692,iuwskoeyld,Y,23-05-2017 04:42,18-10-2017 12:12
693,Product693,zpjvrbgiyn,Y,06-02-2017 07:41,18-10-2017 12:12
694,Product694,zfaumduhnu,Y,12-03-2017 03:15,18-10-2017 12:12
695,Product695,qytsylldsv,Y,07-07-2017 07:24,18-10-2017 12:12
696,Product696,uksgzsbvvd,Y,06-07-2017 06:08,18-10-2017 12:12
697,Product697,eoiabhzrup,Y,24-05-2017 08:33,18-10-2017 12:12
698,Product698,ehjfnpikgw,Y,11-09-2017 03:28,18-10-2017 12:12
699,Product699,grlobsavxn,Y,11-07-2017 01:08,18-10-2017 12:12
700,Product700,qequanbpwt,N,05-09-2017 10:35,18-10-2017 12:12
701,Product701,vewzutldmf,Y,22-08-2017 02:55,18-10-2017 12:12
702,Product702,rwdnltpnvf,Y,11-10-2017 05:50,18-10-2017 12:12
703,Product703,etqccexosh,Y,16-10-2017 07:59,18-10-2017 12:12
704,Product704,krpgxrxnmc,Y,02-05-2017 11:40,18-10-2017 12:12
705,Product705,ewxudtgxrn,Y,10-09-2017 05:11,18-10-2017 12:12
706,Product706,jhjqkecmht,Y,11-09-2017 03:14,18-10-2017 12:12
707,Product707,ahvvpkfuwo,Y,22-08-2017 06:07,18-10-2017 12:12
708,Product708,ltqxtcpbci,Y,21-09-2017 05:26,18-10-2017 12:12
709,Product709,xvqlgwjqng,Y,23-03-2017 12:47,18-10-2017 12:12
710,Product710,hhvzdywqel,Y,01-10-2017 04:13,18-10-2017 12:12
711,Product711,lrxmeaigmt,Y,25-08-2017 06:50,18-10-2017 12:12
712,Product712,nhwdrdygpw,Y,31-01-2017 03:42,18-10-2017 12:12
713,Product713,izmuuthkfb,Y,11-04-2017 02:09,18-10-2017 12:12
714,Product714,widokqomvf,Y,02-05-2017 10:21,18-10-2017 12:12
715,Product715,fbkecbgkeo,Y,03-06-2017 02:58,18-10-2017 12:12
716,Product716,rveytckqqi,Y,31-03-2017 10:42,18-10-2017 12:12
717,Product717,lpvmeqddmz,Y,24-07-2017 09:16,18-10-2017 12:12
718,Product718,ddbdtebakq,Y,07-03-2017 09:04,18-10-2017 12:12
719,Product719,icafovwttx,Y,24-04-2017 02:40,18-10-2017 12:12
720,Product720,sffghfijcf,Y,06-04-2017 06:31,18-10-2017 12:12
721,Product721,mwzqdzjqmr,Y,29-07-2017 08:20,18-10-2017 12:12
722,Product722,cemskmwdsx,Y,24-07-2017 05:42,18-10-2017 12:12
723,Product723,jejbqkajka,Y,13-09-2017 03:36,18-10-2017 12:12
724,Product724,dfiaggdzrv,Y,23-05-2017 05:39,18-10-2017 12:12
725,Product725,vidorhhyvm,N,13-01-2017 03:47,18-10-2017 12:12
726,Product726,etryvlpopi,Y,22-06-2017 10:42,18-10-2017 12:12
727,Product727,xjeuabfiuk,Y,15-03-2017 08:56,18-10-2017 12:12
728,Product728,wmxzmtjytg,Y,26-03-2017 07:24,18-10-2017 12:12
729,Product729,mddsluvjdh,Y,24-03-2017 09:47,18-10-2017 12:12
730,Product730,zihvlioyav,Y,17-01-2017 05:22,18-10-2017 12:12
731,Product731,cqzmrqwzsy,Y,31-07-2017 04:12,18-10-2017 12:12
732,Product732,jdhyynbjko,Y,13-02-2017 08:29,18-10-2017 12:12
733,Product733,qcydsszinp,Y,18-04-2017 11:43,18-10-2017 12:12
734,Product734,xvuhbrohyj,Y,04-01-2017 11:31,18-10-2017 12:12
735,Product735,bnszbiynhw,Y,13-01-2017 11:27,18-10-2017 12:12
736,Product736,vzbdndtpyx,Y,28-01-2017 06:02,18-10-2017 12:12
737,Product737,stnwbbjbgy,Y,28-03-2017 10:17,18-10-2017 12:12
738,Product738,rcmfspbgxn,Y,12-05-2017 08:27,18-10-2017 12:12
739,Product739,onhfsbifwk,Y,23-08-2017 07:09,18-10-2017 12:12
740,Product740,omlymslfbq,Y,09-09-2017 12:45,18-10-2017 12:12
741,Product741,mobxuvtiws,Y,09-09-2017 07:12,18-10-2017 12:12
742,Product742,mcppmxctyy,Y,20-08-2017 01:09,18-10-2017 12:12
743,Product743,csgjonhqqx,Y,14-07-2017 04:05,18-10-2017 12:12
744,Product744,iczovtrovg,Y,22-03-2017 11:34,18-10-2017 12:12
745,Product745,xbpbbjemvr,Y,07-08-2017 10:37,18-10-2017 12:12
746,Product746,knibvnrqei,Y,03-07-2017 07:22,18-10-2017 12:12
747,Product747,rbingeqwve,Y,21-03-2017 03:12,18-10-2017 12:12
748,Product748,hpfafcfzpq,Y,31-03-2017 01:00,18-10-2017 12:12
749,Product749,frkhazfgia,Y,15-05-2017 09:08,18-10-2017 12:12
750,Product750,vwdgyxvmcs,N,05-07-2017 08:44,18-10-2017 12:12
751,Product751,vrswmlpvjr,Y,07-10-2017 03:56,18-10-2017 12:12
752,Product752,lsowpzedoz,Y,18-06-2017 08:32,18-10-2017 12:12
753,Product753,lwwvqsysgo,Y,05-10-2017 04:33,18-10-2017 12:12
754,Product754,eppuvnvfvd,Y,01-07-2017 03:42,18-10-2017 12:12
755,Product755,dyfzoposuk,Y,24-06-2017 10:51,18-10-2017 12:12
756,Product756,sdxcwgfeyk,Y,29-06-2017 12:59,18-10-2017 12:12
757,Product757,pjyjtgeepp,Y,09-04-2017 03:34,18-10-2017 12:12
758,Product758,kazdnthjbf,Y,03-10-2017 09:39,18-10-2017 12:12
759,Product759,xpbxrxolzn,Y,10-04-2017 02:49,18-10-2017 12:12
760,Product760,tbwkihmhmt,Y,28-02-2017 02:10,18-10-2017 12:12
761,Product761,orsrqwgben,Y,10-08-2017 04:41,18-10-2017 12:12
762,Product762,cjsolhbfng,Y,29-08-2017 10:22,18-10-2017 12:12
763,Product763,irzpvsvwys,Y,03-10-2017 10:06,18-10-2017 12:12
764,Product764,zgbamazhkv,Y,01-10-2017 09:14,18-10-2017 12:12
765,Product765,zgukszdeua,Y,08-07-2017 02:34,18-10-2017 12:12
766,Product766,nvtylyrreq,Y,27-02-2017 09:23,18-10-2017 12:12
767,Product767,chkaoncavh,Y,12-03-2017 11:34,18-10-2017 12:12
768,Product768,hvfbltpjun,Y,27-01-2017 11:45,18-10-2017 12:12
769,Product769,isbmuhnlkv,Y,30-05-2017 03:54,18-10-2017 12:12
770,Product770,xfqvudibgj,Y,22-09-2017 01:59,18-10-2017 12:12
771,Product771,qlhjsnpulv,Y,28-04-2017 05:34,18-10-2017 12:12
772,Product772,dyocsdkobz,Y,24-02-2017 03:10,18-10-2017 12:12
773,Product773,ugfduskzue,Y,10-03-2017 10:49,18-10-2017 12:12
774,Product774,fktcpgvbhe,Y,30-03-2017 06:18,18-10-2017 12:12
775,Product775,gliyuffqat,N,01-04-2017 01:53,18-10-2017 12:12
776,Product776,uqyudgfxlg,Y,25-01-2017 06:54,18-10-2017 12:12
777,Product777,baunshhmmh,Y,14-10-2017 07:03,18-10-2017 12:12
778,Product778,wctycnizdb,Y,19-02-2017 05:00,18-10-2017 12:12
779,Product779,neakciajra,Y,13-07-2017 06:18,18-10-2017 12:12
780,Product780,cxvdotzzvl,Y,19-05-2017 10:51,18-10-2017 12:12
781,Product781,lskkozqngo,Y,04-03-2017 07:21,18-10-2017 12:12
782,Product782,hnnvwscnuy,Y,01-03-2017 02:22,18-10-2017 12:12
783,Product783,klytbjmblo,Y,11-06-2017 05:58,18-10-2017 12:12
784,Product784,otzqtqlolp,Y,22-08-2017 07:50,18-10-2017 12:12
785,Product785,qzuztdezjb,Y,14-09-2017 09:12,18-10-2017 12:12
786,Product786,fuvneagjaj,Y,02-03-2017 08:52,18-10-2017 12:12
787,Product787,vrqhfyztls,Y,24-01-2017 01:44,18-10-2017 12:12
788,Product788,rcwwklhdta,Y,24-09-2017 10:28,18-10-2017 12:12
789,Product789,slnjfchpzt,Y,25-06-2017 04:46,18-10-2017 12:12
790,Product790,ucvtcitprp,Y,30-01-2017 02:25,18-10-2017 12:12
791,Product791,cgresqnamz,Y,15-01-2017 11:50,18-10-2017 12:12
792,Product792,yfndvcjepu,Y,08-08-2017 02:50,18-10-2017 12:12
793,Product793,lqfqxdbrxw,Y,08-08-2017 07:20,18-10-2017 12:12
794,Product794,qqdpmcawkd,Y,05-10-2017 06:02,18-10-2017 12:12
795,Product795,dixfvfyeut,Y,15-02-2017 11:25,18-10-2017 12:12
796,Product796,xbwurwiyzk,Y,13-06-2017 06:46,18-10-2017 12:12
797,Product797,zubyzzopgc,Y,21-05-2017 10:54,18-10-2017 12:12
798,Product798,bgiacqeptg,Y,04-02-2017 04:38,18-10-2017 12:12
799,Product799,nnhhkdpudk,Y,31-08-2017 08:28,18-10-2017 12:12
800,Product800,wxiekuibww,N,01-01-2017 10:20,18-10-2017 12:12
801,Product801,zhsgzvzday,Y,28-03-2017 07:41,18-10-2017 12:12
802,Product802,ukhbdpkmbv,Y,01-05-2017 03:52,18-10-2017 12:12
803,Product803,tbajpwrnaz,Y,13-09-2017 04:27,18-10-2017 12:12
804,Product804,clxamfpsij,Y,20-08-2017 11:29,18-10-2017 12:12
805,Product805,ipwmtlxtec,Y,05-04-2017 03:48,18-10-2017 12:12
806,Product806,hluphssene,Y,30-03-2017 01:35,18-10-2017 12:12
807,Product807,pkibabfyib,Y,24-01-2017 12:47,18-10-2017 12:12
808,Product808,wzmpadcdiu,Y,25-03-2017 11:34,18-10-2017 12:12
809,Product809,rmnrnqikyv,Y,10-05-2017 11:49,18-10-2017 12:12
810,Product810,qjornvchei,Y,02-08-2017 02:39,18-10-2017 12:12
811,Product811,gbbljdevvp,Y,30-05-2017 12:24,18-10-2017 12:12
812,Product812,swijjvddrr,Y,10-05-2017 10:53,18-10-2017 12:12
813,Product813,yccehjcddi,Y,08-05-2017 12:03,18-10-2017 12:12
814,Product814,cncskbvntv,Y,01-03-2017 10:10,18-10-2017 12:12
815,Product815,ojwkqctcdz,Y,26-07-2017 12:24,18-10-2017 12:12
816,Product816,hrjnlsbzww,Y,27-06-2017 10:56,18-10-2017 12:12
817,Product817,wfiybezxby,Y,31-07-2017 07:09,18-10-2017 12:12
818,Product818,sdzhwjozjt,Y,29-04-2017 01:27,18-10-2017 12:12
819,Product819,elrdmnajac,Y,23-07-2017 04:34,18-10-2017 12:12
820,Product820,mykpkbwapb,Y,15-04-2017 08:44,18-10-2017 12:12
821,Product821,vbluybyftw,Y,01-08-2017 06:10,18-10-2017 12:12
822,Product822,xnfitgfkdd,Y,20-05-2017 02:27,18-10-2017 12:12
823,Product823,yanzqwpril,Y,11-01-2017 06:00,18-10-2017 12:12
824,Product824,ahpzljnzxl,Y,26-05-2017 05:22,18-10-2017 12:12
825,Product825,pksxxazxzh,N,10-08-2017 12:30,18-10-2017 12:12
826,Product826,qdjgyoknck,Y,30-07-2017 01:27,18-10-2017 12:12
827,Product827,igxugpspck,Y,11-01-2017 07:57,18-10-2017 12:12
828,Product828,opeqrjfahf,Y,26-03-2017 06:02,18-10-2017 12:12
829,Product829,vknogmwamg,Y,21-02-2017 02:24,18-10-2017 12:12
830,Product830,okcpwsjleu,Y,19-03-2017 04:04,18-10-2017 12:12
831,Product831,banyenniqw,Y,27-01-2017 06:24,18-10-2017 12:12
832,Product832,olkkkiliof,Y,09-06-2017 09:05,18-10-2017 12:12
833,Product833,cwijnitxrm,Y,23-09-2017 03:11,18-10-2017 12:12
834,Product834,gzgkgxnxpj,Y,21-08-2017 02:54,18-10-2017 12:12
835,Product835,qbljaswxry,Y,05-05-2017 12:58,18-10-2017 12:12
836,Product836,bkbqxgludb,Y,22-03-2017 10:16,18-10-2017 12:12
837,Product837,ybjuicvshm,Y,03-08-2017 01:17,18-10-2017 12:12
838,Product838,zxywdnkjpc,Y,18-03-2017 01:30,18-10-2017 12:12
839,Product839,gcxgxhuobh,Y,24-07-2017 01:54,18-10-2017 12:12
840,Product840,kaytgngoft,Y,01-01-2017 06:12,18-10-2017 12:12
841,Product841,fyoblwismv,Y,01-05-2017 08:18,18-10-2017 12:12
842,Product842,pjcpkksaav,Y,09-08-2017 01:24,18-10-2017 12:12
843,Product843,fyfulmpcij,Y,28-09-2017 04:22,18-10-2017 12:12
844,Product844,eorqpcjfyh,Y,21-09-2017 03:33,18-10-2017 12:12
845,Product845,bzdfifooio,Y,23-06-2017 08:47,18-10-2017 12:12
846,Product846,ktvupcnlbn,Y,05-08-2017 07:24,18-10-2017 12:12
847,Product847,ycyrherlcu,Y,31-05-2017 11:56,18-10-2017 12:12
848,Product848,lsbbueleck,Y,12-04-2017 02:08,18-10-2017 12:12
849,Product849,qevomhstmc,Y,12-06-2017 09:06,18-10-2017 12:12
850,Product850,mnpuvcagex,N,30-09-2017 04:28,18-10-2017 12:12
851,Product851,lqnhsukhye,Y,05-09-2017 05:09,18-10-2017 12:12
852,Product852,eeuvskkmtc,Y,02-02-2017 02:57,18-10-2017 12:12
853,Product853,jxgcnvosoh,Y,11-10-2017 07:59,18-10-2017 12:12
854,Product854,lyjetpikif,Y,08-10-2017 01:47,18-10-2017 12:12
855,Product855,ddnqshleno,Y,28-05-2017 08:46,18-10-2017 12:12
856,Product856,qvozpasewb,Y,29-03-2017 11:23,18-10-2017 12:12
857,Product857,mozqlnamln,Y,21-07-2017 05:12,18-10-2017 12:12
858,Product858,fnzbaowmif,Y,24-02-2017 07:24,18-10-2017 12:12
859,Product859,hjjfhkkrfx,Y,06-04-2017 04:22,18-10-2017 12:12
860,Product860,cetzoewlxx,Y,01-05-2017 07:41,18-10-2017 12:12
861,Product861,lgvijussya,Y,10-09-2017 09:36,18-10-2017 12:12
862,Product862,ygykmfpuky,Y,17-07-2017 09:34,18-10-2017 12:12
863,Product863,vtbdsxxmbn,Y,15-07-2017 05:45,18-10-2017 12:12
864,Product864,umneauiaic,Y,23-06-2017 06:39,18-10-2017 12:12
865,Product865,lgcvmnkmov,Y,17-02-2017 10:07,18-10-2017 12:12
866,Product866,mvcnkibhmr,Y,25-06-2017 07:10,18-10-2017 12:12
867,Product867,sgyeyvhihw,Y,14-07-2017 10:55,18-10-2017 12:12
868,Product868,fzxcvrvovd,Y,08-08-2017 07:22,18-10-2017 12:12
869,Product869,jgljlingnj,Y,18-05-2017 07:52,18-10-2017 12:12
870,Product870,vozhcthcyg,Y,08-08-2017 12:31,18-10-2017 12:12
871,Product871,bzajyzuwig,Y,05-10-2017 01:51,18-10-2017 12:12
872,Product872,bpgiuzvafr,Y,13-05-2017 08:15,18-10-2017 12:12
873,Product873,gljdjrfrdr,Y,06-05-2017 02:59,18-10-2017 12:12
874,Product874,eaycxzmsll,Y,26-03-2017 07:53,18-10-2017 12:12
875,Product875,ptxmtvvjvu,N,13-02-2017 11:17,18-10-2017 12:12
876,Product876,ryilanzhlc,Y,05-04-2017 01:07,18-10-2017 12:12
877,Product877,wemxjbyyqs,Y,19-02-2017 05:10,18-10-2017 12:12
878,Product878,amuhxfzjly,Y,11-01-2017 06:52,18-10-2017 12:12
879,Product879,yjocdddsbr,Y,27-06-2017 08:56,18-10-2017 12:12
880,Product880,djngfiavdq,Y,21-07-2017 09:39,18-10-2017 12:12
881,Product881,sgpvdmsome,Y,16-10-2017 07:06,18-10-2017 12:12
882,Product882,ewsngleajj,Y,15-10-2017 07:32,18-10-2017 12:12
883,Product883,tovqrwijoy,Y,22-01-2017 07:37,18-10-2017 12:12
884,Product884,gwmogxazfb,Y,12-01-2017 03:38,18-10-2017 12:12
885,Product885,rtlpkzrlba,Y,02-04-2017 09:25,18-10-2017 12:12
886,Product886,zawzxetrtz,Y,01-01-2017 12:25,18-10-2017 12:12
887,Product887,dmgrqhguxk,Y,02-06-2017 06:02,18-10-2017 12:12
888,Product888,themxbjffm,Y,14-08-2017 07:51,18-10-2017 12:12
889,Product889,mtufvyhkkb,Y,08-09-2017 06:33,18-10-2017 12:12
890,Product890,reaytmfubw,Y,13-07-2017 04:31,18-10-2017 12:12
891,Product891,txtxceubsi,Y,22-03-2017 11:02,18-10-2017 12:12
892,Product892,ujlbnhkdeu,Y,13-06-2017 09:47,18-10-2017 12:12
893,Product893,pvaqivhklu,Y,25-02-2017 06:21,18-10-2017 12:12
894,Product894,lhkpppxgwg,Y,11-09-2017 11:45,18-10-2017 12:12
895,Product895,eoisjfwidy,Y,05-03-2017 11:50,18-10-2017 12:12
896,Product896,ukzwxsizoz,Y,17-04-2017 03:48,18-10-2017 12:12
897,Product897,sqxmcgjkrr,Y,24-07-2017 06:15,18-10-2017 12:12
898,Product898,zyuiluybrk,Y,24-04-2017 03:39,18-10-2017 12:12
899,Product899,qmqizszflm,Y,29-04-2017 10:18,18-10-2017 12:12
900,Product900,ouoolyahlh,N,10-01-2017 12:35,18-10-2017 12:12
901,Product901,oylfbtildt,Y,12-09-2017 07:07,18-10-2017 12:12
902,Product902,nvjtidzzue,Y,21-02-2017 10:57,18-10-2017 12:12
903,Product903,hrayamzjei,Y,10-06-2017 06:25,18-10-2017 12:12
904,Product904,gonsauxdzw,Y,22-01-2017 07:46,18-10-2017 12:12
905,Product905,ryovrrzrng,Y,16-09-2017 11:38,18-10-2017 12:12
906,Product906,wqjhgohqji,Y,02-02-2017 05:40,18-10-2017 12:12
907,Product907,ncsjhywmag,Y,22-06-2017 03:18,18-10-2017 12:12
908,Product908,gfxqvwcxby,Y,16-09-2017 11:15,18-10-2017 12:12
909,Product909,snquzgyacg,Y,23-09-2017 08:51,18-10-2017 12:12
910,Product910,fukzdhkqgk,Y,25-09-2017 04:58,18-10-2017 12:12
911,Product911,twonlfjfrt,Y,15-04-2017 02:26,18-10-2017 12:12
912,Product912,rjiyolpqka,Y,03-06-2017 08:03,18-10-2017 12:12
913,Product913,hithfprkbw,Y,01-02-2017 06:55,18-10-2017 12:12
914,Product914,xeceaalrao,Y,11-02-2017 09:37,18-10-2017 12:12
915,Product915,zgwsrvbudz,Y,05-05-2017 07:34,18-10-2017 12:12
916,Product916,yktgqwnpuw,Y,21-05-2017 09:24,18-10-2017 12:12
917,Product917,xijtulldwl,Y,05-01-2017 03:15,18-10-2017 12:12
918,Product918,ijhlctizrz,Y,27-09-2017 03:52,18-10-2017 12:12
919,Product919,lbrwztkdcu,Y,01-06-2017 04:42,18-10-2017 12:12
920,Product920,pfvuzittzq,Y,08-10-2017 02:31,18-10-2017 12:12
921,Product921,zikiwppvdj,Y,07-03-2017 03:56,18-10-2017 12:12
922,Product922,zgqtfjwldy,Y,23-05-2017 10:45,18-10-2017 12:12
923,Product923,pmogmtllcd,Y,03-04-2017 04:34,18-10-2017 12:12
924,Product924,ulmumwywik,Y,25-03-2017 11:08,18-10-2017 12:12
925,Product925,aoprszhaej,N,16-02-2017 04:41,18-10-2017 12:12
926,Product926,ghpynjoxzu,Y,09-10-2017 11:32,18-10-2017 12:12
927,Product927,okprfbjeob,Y,05-03-2017 08:04,18-10-2017 12:12
928,Product928,inmsnjkrqu,Y,24-09-2017 10:01,18-10-2017 12:12
929,Product929,kdypnkudom,Y,19-06-2017 05:16,18-10-2017 12:12
930,Product930,ggvygafafw,Y,30-03-2017 11:12,18-10-2017 12:12
931,Product931,alyngtvxmu,Y,01-07-2017 02:59,18-10-2017 12:12
932,Product932,nbsgqxweuj,Y,13-10-2017 04:53,18-10-2017 12:12
933,Product933,qcgqfxksmm,Y,03-09-2017 02:10,18-10-2017 12:12
934,Product934,pgayyvmjwk,Y,27-07-2017 06:35,18-10-2017 12:12
935,Product935,zstkysyhyj,Y,11-04-2017 10:30,18-10-2017 12:12
936,Product936,jxumtfzuhj,Y,03-08-2017 01:33,18-10-2017 12:12
937,Product937,reecayfqjr,Y,29-09-2017 04:10,18-10-2017 12:12
938,Product938,iouirrywhe,Y,31-01-2017 01:13,18-10-2017 12:12
939,Product939,ljmnmilrch,Y,26-02-2017 01:53,18-10-2017 12:12
940,Product940,wuddddkrqx,Y,30-07-2017 12:40,18-10-2017 12:12
941,Product941,eilnjqeucb,Y,25-04-2017 06:04,18-10-2017 12:12
942,Product942,kseswiulpw,Y,12-07-2017 03:41,18-10-2017 12:12
943,Product943,okttuuykpq,Y,20-04-2017 12:00,18-10-2017 12:12
944,Product944,fhtbgdwbov,Y,11-01-2017 10:30,18-10-2017 12:12
945,Product945,smgdabwhsq,Y,03-07-2017 01:23,18-10-2017 12:12
946,Product946,tobzuswhue,Y,14-06-2017 03:47,18-10-2017 12:12
947,Product947,ptkxyjdpxx,Y,10-02-2017 12:13,18-10-2017 12:12
948,Product948,tzoibxrmtu,Y,19-03-2017 02:39,18-10-2017 12:12
949,Product949,msvvpblqgk,Y,18-05-2017 08:42,18-10-2017 12:12
950,Product950,syllmckrzi,N,19-06-2017 04:04,18-10-2017 12:12
951,Product951,tkagixojcb,Y,31-01-2017 04:01,18-10-2017 12:12
952,Product952,fbktdwieek,Y,12-03-2017 10:56,18-10-2017 12:12
953,Product953,btumxgrula,Y,12-09-2017 05:12,18-10-2017 12:12
954,Product954,eiuhfyjjfk,Y,04-01-2017 07:38,18-10-2017 12:12
955,Product955,apkkioeraw,Y,05-01-2017 04:21,18-10-2017 12:12
956,Product956,axlovjrleo,Y,15-09-2017 04:46,18-10-2017 12:12
957,Product957,wdldnnjwjl,Y,04-04-2017 10:26,18-10-2017 12:12
958,Product958,lvtqlwxlhf,Y,04-02-2017 03:02,18-10-2017 12:12
959,Product959,iykhulruzt,Y,25-01-2017 03:04,18-10-2017 12:12
960,Product960,kkcrzbbkfo,Y,18-09-2017 12:25,18-10-2017 12:12
961,Product961,luxuwefcyf,Y,18-01-2017 11:59,18-10-2017 12:12
962,Product962,omvcejeazp,Y,17-09-2017 01:47,18-10-2017 12:12
963,Product963,ajkdmuoppi,Y,08-08-2017 02:27,18-10-2017 12:12
964,Product964,neuhvaveey,Y,27-02-2017 10:00,18-10-2017 12:12
965,Product965,oekbjkjlrm,Y,29-03-2017 03:55,18-10-2017 12:12
966,Product966,alfaxpiefd,Y,11-06-2017 09:08,18-10-2017 12:12
967,Product967,dszjkrzemb,Y,27-07-2017 12:26,18-10-2017 12:12
968,Product968,ehuabexjau,Y,15-04-2017 09:58,18-10-2017 12:12
969,Product969,vwxezqodiy,Y,07-06-2017 05:16,18-10-2017 12:12
970,Product970,kjtqoubyxp,Y,16-09-2017 12:22,18-10-2017 12:12
971,Product971,yvmfoxqcux,Y,07-10-2017 01:28,18-10-2017 12:12
972,Product972,vngrcuduck,Y,02-04-2017 06:22,18-10-2017 12:12
973,Product973,bwqhxpoyfo,Y,05-08-2017 10:28,18-10-2017 12:12
974,Product974,gxqlmaazpl,Y,06-10-2017 08:54,18-10-2017 12:12
975,Product975,ohoszsrtto,N,07-03-2017 01:15,18-10-2017 12:12
976,Product976,dtrjirktcr,Y,20-01-2017 04:06,18-10-2017 12:12
977,Product977,sinfvkyubp,Y,15-04-2017 04:51,18-10-2017 12:12
978,Product978,sytxemehln,Y,08-05-2017 03:44,18-10-2017 12:12
979,Product979,yomqnqdtkw,Y,18-05-2017 06:07,18-10-2017 12:12
980,Product980,ytjgtyhkix,Y,06-10-2017 08:23,18-10-2017 12:12
981,Product981,vtgljghwxp,Y,30-03-2017 06:26,18-10-2017 12:12
982,Product982,kcxqufnnfg,Y,07-02-2017 11:32,18-10-2017 12:12
983,Product983,fodlndnvng,Y,25-01-2017 12:22,18-10-2017 12:12
984,Product984,aakvvnuyja,Y,26-05-2017 10:15,18-10-2017 12:12
985,Product985,vvofeuapqn,Y,15-08-2017 06:04,18-10-2017 12:12
986,Product986,tojameimwj,Y,31-08-2017 09:05,18-10-2017 12:12
987,Product987,pihmgfxkyc,Y,22-03-2017 03:44,18-10-2017 12:12
988,Product988,ubnfbuqwiw,Y,19-05-2017 03:45,18-10-2017 12:12
989,Product989,pjyyzxkyzw,Y,18-02-2017 08:18,18-10-2017 12:12
990,Product990,mgohclqczp,Y,12-02-2017 07:16,18-10-2017 12:12
991,Product991,nweugarctz,Y,01-06-2017 06:09,18-10-2017 12:12
992,Product992,ydmtrwcnpr,Y,29-05-2017 12:46,18-10-2017 12:12
993,Product993,xszvehvdhe,Y,08-07-2017 01:26,18-10-2017 12:12
994,Product994,rueysekdqa,Y,14-02-2017 06:46,18-10-2017 12:12
995,Product995,fyocaaajef,Y,20-02-2017 11:05,18-10-2017 12:12
996,Product996,acvxzpvhyu,Y,09-09-2017 07:49,18-10-2017 12:12
997,Product997,eguyggimfm,Y,14-09-2017 12:13,18-10-2017 12:12
998,Product998,hagbslxugf,Y,20-04-2017 06:25,18-10-2017 12:12
999,Product999,iuoraxdrlf,Y,06-03-2017 05:00,18-10-2017 12:12
1000,Product1000,ewgaacrkht,N,13-07-2017 02:52,18-10-2017 12:12
