txn_no ,txn_datetime,cust_no ,amount_double,product_no,spend_by 
1,18-10-2017 12:31,923,2559,376,Card
2,18-10-2017 12:31,219,1706,151,Card
3,18-10-2017 12:31,927,3462,707,Cash
4,18-10-2017 12:31,806,865,539,Card
5,18-10-2017 12:31,958,2494,25,Card
6,18-10-2017 12:31,37,3782,603,Cash
7,18-10-2017 12:31,730,952,238,Card
8,18-10-2017 12:31,140,1593,581,Card
9,18-10-2017 12:31,353,3266,679,Cash
10,18-10-2017 12:31,693,1199,440,Card
11,18-10-2017 12:31,25,3474,560,Card
12,18-10-2017 12:31,922,3789,209,Cash
13,18-10-2017 12:31,988,1426,427,Card
14,18-10-2017 12:31,594,1789,689,Card
15,18-10-2017 12:31,624,2619,881,Cash
16,18-10-2017 12:31,326,4005,133,Card
17,18-10-2017 12:31,601,4182,94,Card
18,18-10-2017 12:31,583,2033,715,Cash
19,18-10-2017 12:31,336,1621,107,Card
20,18-10-2017 12:31,480,868,1,Card
21,18-10-2017 12:31,167,509,583,Cash
22,18-10-2017 12:31,571,494,905,Card
23,18-10-2017 12:31,275,2358,499,Card
24,18-10-2017 12:31,131,4053,926,Cash
25,18-10-2017 12:31,753,1796,471,Card
26,18-10-2017 12:31,971,1167,175,Card
27,18-10-2017 12:31,811,4786,482,Cash
28,18-10-2017 12:31,264,529,269,Card
29,18-10-2017 12:31,435,3721,892,Card
30,18-10-2017 12:31,317,3909,764,Cash
31,18-10-2017 12:31,511,2477,818,Card
32,18-10-2017 12:31,625,4025,887,Card
33,18-10-2017 12:31,603,1061,787,Cash
34,18-10-2017 12:31,259,4434,90,Card
35,18-10-2017 12:31,461,1997,851,Card
36,18-10-2017 12:31,605,1755,169,Cash
37,18-10-2017 12:31,452,4279,355,Card
38,18-10-2017 12:31,828,4919,262,Card
39,18-10-2017 12:31,674,3332,89,Cash
40,18-10-2017 12:31,967,1260,962,Card
41,18-10-2017 12:31,276,693,621,Card
42,18-10-2017 12:31,494,775,241,Cash
43,18-10-2017 12:31,197,2004,120,Card
44,18-10-2017 12:31,4,3754,773,Card
45,18-10-2017 12:31,898,2189,69,Cash
46,18-10-2017 12:31,410,1486,803,Card
47,18-10-2017 12:31,32,4644,314,Card
48,18-10-2017 12:31,873,3987,935,Cash
49,18-10-2017 12:31,890,4617,445,Card
50,18-10-2017 12:31,24,4762,797,Card
51,18-10-2017 12:31,529,4431,341,Cash
52,18-10-2017 12:31,87,2239,783,Card
53,18-10-2017 12:31,843,4273,62,Card
54,18-10-2017 12:31,682,1901,827,Cash
55,18-10-2017 12:31,587,3580,753,Card
56,18-10-2017 12:31,875,4237,176,Card
57,18-10-2017 12:31,802,2162,952,Cash
58,18-10-2017 12:31,598,4515,929,Card
59,18-10-2017 12:31,976,1417,451,Card
60,18-10-2017 12:31,112,4134,503,Cash
61,18-10-2017 12:31,416,1347,245,Card
62,18-10-2017 12:31,551,3142,83,Card
63,18-10-2017 12:31,566,1769,266,Cash
64,18-10-2017 12:31,887,2628,546,Card
65,18-10-2017 12:31,30,824,349,Card
66,18-10-2017 12:31,385,4036,760,Cash
67,18-10-2017 12:31,686,4797,328,Card
68,18-10-2017 12:31,753,2198,622,Card
69,18-10-2017 12:31,151,2464,638,Cash
70,18-10-2017 12:31,232,1074,839,Card
71,18-10-2017 12:31,268,2184,891,Card
72,18-10-2017 12:31,228,2146,162,Cash
73,18-10-2017 12:31,992,681,102,Card
74,18-10-2017 12:31,848,1423,614,Card
75,18-10-2017 12:31,161,1747,217,Cash
76,18-10-2017 12:31,696,2445,563,Card
77,18-10-2017 12:31,547,4514,453,Card
78,18-10-2017 12:31,472,3167,567,Cash
79,18-10-2017 12:31,18,4327,673,Card
80,18-10-2017 12:31,689,1027,652,Card
81,18-10-2017 12:31,964,3776,144,Cash
82,18-10-2017 12:31,628,3099,480,Card
83,18-10-2017 12:31,670,737,873,Card
84,18-10-2017 12:31,96,1335,771,Cash
85,18-10-2017 12:31,764,801,515,Card
86,18-10-2017 12:31,542,1186,264,Card
87,18-10-2017 12:31,604,1200,563,Cash
88,18-10-2017 12:31,996,2744,615,Card
89,18-10-2017 12:31,92,1038,128,Card
90,18-10-2017 12:31,943,4734,372,Cash
91,18-10-2017 12:31,26,738,334,Card
92,18-10-2017 12:31,505,584,662,Card
93,18-10-2017 12:31,828,4958,53,Cash
94,18-10-2017 12:31,678,853,955,Card
95,18-10-2017 12:31,983,774,42,Card
96,18-10-2017 12:31,201,2104,26,Cash
97,18-10-2017 12:31,578,2109,80,Card
98,18-10-2017 12:31,632,4875,166,Card
99,18-10-2017 12:31,765,3963,397,Cash
100,18-10-2017 12:31,773,3468,17,Card
101,18-10-2017 12:31,319,1771,56,Card
102,18-10-2017 12:31,147,4816,435,Cash
103,18-10-2017 12:31,401,3222,409,Card
104,18-10-2017 12:31,192,2791,419,Card
105,18-10-2017 12:31,328,4889,898,Cash
106,18-10-2017 12:31,190,1596,440,Card
107,18-10-2017 12:31,404,2521,645,Card
108,18-10-2017 12:31,912,964,749,Cash
109,18-10-2017 12:31,478,573,572,Card
110,18-10-2017 12:31,558,2964,487,Card
111,18-10-2017 12:31,845,2872,138,Cash
112,18-10-2017 12:31,372,2266,951,Card
113,18-10-2017 12:31,555,4814,746,Card
114,18-10-2017 12:31,452,983,867,Cash
115,18-10-2017 12:31,111,3422,194,Card
116,18-10-2017 12:31,453,4154,722,Card
117,18-10-2017 12:31,483,3915,906,Cash
118,18-10-2017 12:31,872,625,126,Card
119,18-10-2017 12:31,290,4828,994,Card
120,18-10-2017 12:31,155,4639,473,Cash
121,18-10-2017 12:31,843,925,118,Card
122,18-10-2017 12:31,622,3707,295,Card
123,18-10-2017 12:31,886,1258,897,Cash
124,18-10-2017 12:31,787,482,34,Card
125,18-10-2017 12:31,237,853,509,Card
126,18-10-2017 12:31,936,3014,838,Cash
127,18-10-2017 12:31,941,614,569,Card
128,18-10-2017 12:31,149,1616,503,Card
129,18-10-2017 12:31,872,696,257,Cash
130,18-10-2017 12:31,329,771,552,Card
131,18-10-2017 12:31,975,1842,748,Card
132,18-10-2017 12:31,531,1498,294,Cash
133,18-10-2017 12:31,86,1990,646,Card
134,18-10-2017 12:31,580,1872,490,Card
135,18-10-2017 12:31,519,3523,466,Cash
136,18-10-2017 12:31,642,2488,268,Card
137,18-10-2017 12:31,613,4017,92,Card
138,18-10-2017 12:31,932,2456,632,Cash
139,18-10-2017 12:31,546,885,187,Card
140,18-10-2017 12:31,218,2609,469,Card
141,18-10-2017 12:31,693,4075,989,Cash
142,18-10-2017 12:31,22,3832,438,Card
143,18-10-2017 12:31,5,3442,702,Card
144,18-10-2017 12:31,929,4243,795,Cash
145,18-10-2017 12:31,617,4272,830,Card
146,18-10-2017 12:31,3,1730,345,Card
147,18-10-2017 12:31,286,4874,440,Cash
148,18-10-2017 12:31,888,2994,772,Card
149,18-10-2017 12:31,485,1834,591,Card
150,18-10-2017 12:31,946,4688,140,Cash
151,18-10-2017 12:31,208,2333,175,Card
152,18-10-2017 12:31,672,912,762,Card
153,18-10-2017 12:31,820,3387,124,Cash
154,18-10-2017 12:31,744,3214,239,Card
155,18-10-2017 12:31,110,1564,355,Card
156,18-10-2017 12:31,234,1193,255,Cash
157,18-10-2017 12:31,214,1748,325,Card
158,18-10-2017 12:31,814,1732,773,Card
159,18-10-2017 12:31,650,630,715,Cash
160,18-10-2017 12:31,901,2953,201,Card
161,18-10-2017 12:31,791,500,810,Card
162,18-10-2017 12:31,629,984,8,Cash
163,18-10-2017 12:31,265,3310,151,Card
164,18-10-2017 12:31,330,2692,155,Card
165,18-10-2017 12:31,498,2788,868,Cash
166,18-10-2017 12:31,699,2788,476,Card
167,18-10-2017 12:31,544,3459,354,Card
168,18-10-2017 12:31,854,3632,335,Cash
169,18-10-2017 12:31,983,2142,302,Card
170,18-10-2017 12:31,683,4177,595,Card
171,18-10-2017 12:31,802,1104,253,Cash
172,18-10-2017 12:31,906,561,282,Card
173,18-10-2017 12:31,397,4366,423,Card
174,18-10-2017 12:31,537,1440,610,Cash
175,18-10-2017 12:31,710,3018,149,Card
176,18-10-2017 12:31,46,3402,831,Card
177,18-10-2017 12:31,979,1961,720,Cash
178,18-10-2017 12:31,10,2784,417,Card
179,18-10-2017 12:31,889,2089,724,Card
180,18-10-2017 12:31,831,3117,388,Cash
181,18-10-2017 12:31,801,4441,213,Card
182,18-10-2017 12:31,251,1641,957,Card
183,18-10-2017 12:31,870,1734,410,Cash
184,18-10-2017 12:31,653,4190,147,Card
185,18-10-2017 12:31,704,3818,767,Card
186,18-10-2017 12:31,326,3820,47,Cash
187,18-10-2017 12:31,810,3716,566,Card
188,18-10-2017 12:31,187,3977,452,Card
189,18-10-2017 12:31,337,4863,370,Cash
190,18-10-2017 12:31,211,1140,99,Card
191,18-10-2017 12:31,240,2321,44,Card
192,18-10-2017 12:31,499,4014,229,Cash
193,18-10-2017 12:31,42,1749,179,Card
194,18-10-2017 12:31,16,4222,472,Card
195,18-10-2017 12:31,910,3796,56,Cash
196,18-10-2017 12:31,120,3229,655,Card
197,18-10-2017 12:31,530,3800,660,Card
198,18-10-2017 12:31,894,3089,685,Cash
199,18-10-2017 12:31,914,4297,288,Card
200,18-10-2017 12:31,517,3507,154,Card
201,18-10-2017 12:31,449,2228,36,Cash
202,18-10-2017 12:31,621,4178,803,Card
203,18-10-2017 12:31,619,4608,898,Card
204,18-10-2017 12:31,900,1905,291,Cash
205,18-10-2017 12:31,629,3163,763,Card
206,18-10-2017 12:31,868,1207,736,Card
207,18-10-2017 12:31,503,4813,737,Cash
208,18-10-2017 12:31,579,1060,386,Card
209,18-10-2017 12:31,141,2862,198,Card
210,18-10-2017 12:31,167,4293,642,Cash
211,18-10-2017 12:31,138,2696,170,Card
212,18-10-2017 12:31,481,4941,993,Card
213,18-10-2017 12:31,648,4494,22,Cash
214,18-10-2017 12:31,827,600,922,Card
215,18-10-2017 12:31,736,3181,521,Card
216,18-10-2017 12:31,692,1622,901,Cash
217,18-10-2017 12:31,637,1033,51,Card
218,18-10-2017 12:31,241,3039,386,Card
219,18-10-2017 12:31,332,2822,867,Cash
220,18-10-2017 12:31,331,975,77,Card
221,18-10-2017 12:31,479,513,498,Card
222,18-10-2017 12:31,786,2554,229,Cash
223,18-10-2017 12:31,193,2589,83,Card
224,18-10-2017 12:31,860,2819,530,Card
225,18-10-2017 12:31,821,3000,745,Cash
226,18-10-2017 12:31,309,2065,472,Card
227,18-10-2017 12:31,671,2591,233,Card
228,18-10-2017 12:31,602,3979,637,Cash
229,18-10-2017 12:31,516,4576,735,Card
230,18-10-2017 12:31,765,4867,552,Card
231,18-10-2017 12:31,921,2930,106,Cash
232,18-10-2017 12:31,485,1230,633,Card
233,18-10-2017 12:31,287,4966,685,Card
234,18-10-2017 12:31,555,3999,216,Cash
235,18-10-2017 12:31,264,672,152,Card
236,18-10-2017 12:31,103,1539,327,Card
237,18-10-2017 12:31,788,2767,541,Cash
238,18-10-2017 12:31,80,3898,331,Card
239,18-10-2017 12:31,870,4764,704,Card
240,18-10-2017 12:31,282,4852,623,Cash
241,18-10-2017 12:31,92,1522,910,Card
242,18-10-2017 12:31,431,2822,806,Card
243,18-10-2017 12:31,904,610,166,Cash
244,18-10-2017 12:31,369,4463,925,Card
245,18-10-2017 12:31,93,4732,333,Card
246,18-10-2017 12:31,977,2155,25,Cash
247,18-10-2017 12:31,730,3292,731,Card
248,18-10-2017 12:31,86,2123,387,Card
249,18-10-2017 12:31,202,1850,843,Cash
250,18-10-2017 12:31,872,2933,951,Card
251,18-10-2017 12:31,922,3359,734,Card
252,18-10-2017 12:31,440,2197,825,Cash
253,18-10-2017 12:31,652,1272,998,Card
254,18-10-2017 12:31,195,3162,712,Card
255,18-10-2017 12:31,810,820,470,Cash
256,18-10-2017 12:31,877,2213,453,Card
257,18-10-2017 12:31,272,1320,755,Card
258,18-10-2017 12:31,618,2374,851,Cash
259,18-10-2017 12:31,147,2243,568,Card
260,18-10-2017 12:31,44,1449,244,Card
261,18-10-2017 12:31,406,4391,137,Cash
262,18-10-2017 12:31,107,1269,748,Card
263,18-10-2017 12:31,155,723,261,Card
264,18-10-2017 12:31,35,1612,271,Cash
265,18-10-2017 12:31,12,3417,293,Card
266,18-10-2017 12:31,270,4316,520,Card
267,18-10-2017 12:31,679,4580,309,Cash
268,18-10-2017 12:31,268,780,838,Card
269,18-10-2017 12:31,65,4156,356,Card
270,18-10-2017 12:31,656,3181,637,Cash
271,18-10-2017 12:31,343,1950,637,Card
272,18-10-2017 12:31,468,1182,636,Card
273,18-10-2017 12:31,160,1185,659,Cash
274,18-10-2017 12:31,692,525,660,Card
275,18-10-2017 12:31,202,2395,23,Card
276,18-10-2017 12:31,773,3631,878,Cash
277,18-10-2017 12:31,735,3687,538,Card
278,18-10-2017 12:31,864,3924,486,Card
279,18-10-2017 12:31,453,3720,646,Cash
280,18-10-2017 12:31,390,3674,871,Card
281,18-10-2017 12:31,948,4489,59,Card
282,18-10-2017 12:31,387,2713,845,Cash
283,18-10-2017 12:31,41,2882,814,Card
284,18-10-2017 12:31,736,1879,315,Card
285,18-10-2017 12:31,749,3351,502,Cash
286,18-10-2017 12:31,115,4191,527,Card
287,18-10-2017 12:31,558,3299,794,Card
288,18-10-2017 12:31,391,1623,957,Cash
289,18-10-2017 12:31,806,858,522,Card
290,18-10-2017 12:31,335,1736,920,Card
291,18-10-2017 12:31,94,2284,836,Cash
292,18-10-2017 12:31,359,3042,373,Card
293,18-10-2017 12:31,164,1849,14,Card
294,18-10-2017 12:31,394,676,427,Cash
295,18-10-2017 12:31,691,677,837,Card
296,18-10-2017 12:31,857,1594,433,Card
297,18-10-2017 12:31,41,2744,723,Cash
298,18-10-2017 12:31,443,4382,72,Card
299,18-10-2017 12:31,641,2529,367,Card
300,18-10-2017 12:31,172,3912,768,Cash
301,18-10-2017 12:31,736,863,636,Card
302,18-10-2017 12:31,570,4443,448,Card
303,18-10-2017 12:31,367,1790,72,Cash
304,18-10-2017 12:31,902,4383,373,Card
305,18-10-2017 12:31,40,1233,216,Card
306,18-10-2017 12:31,448,4992,427,Cash
307,18-10-2017 12:31,677,1184,509,Card
308,18-10-2017 12:31,678,3385,990,Card
309,18-10-2017 12:31,513,3498,777,Cash
310,18-10-2017 12:31,941,671,120,Card
311,18-10-2017 12:31,471,4365,233,Card
312,18-10-2017 12:31,960,1814,523,Cash
313,18-10-2017 12:31,414,4179,84,Card
314,18-10-2017 12:31,568,2487,940,Card
315,18-10-2017 12:31,761,4195,918,Cash
316,18-10-2017 12:31,780,2779,938,Card
317,18-10-2017 12:31,356,2002,804,Card
318,18-10-2017 12:31,47,3221,357,Cash
319,18-10-2017 12:31,237,846,822,Card
320,18-10-2017 12:31,378,2854,64,Card
321,18-10-2017 12:31,838,4530,140,Cash
322,18-10-2017 12:31,717,3859,158,Card
323,18-10-2017 12:31,356,2575,948,Card
324,18-10-2017 12:31,935,4556,995,Cash
325,18-10-2017 12:31,122,3233,187,Card
326,18-10-2017 12:31,853,4963,367,Card
327,18-10-2017 12:31,389,1575,681,Cash
328,18-10-2017 12:31,615,1659,258,Card
329,18-10-2017 12:31,166,4800,185,Card
330,18-10-2017 12:31,833,2623,699,Cash
331,18-10-2017 12:31,577,842,724,Card
332,18-10-2017 12:31,42,2514,209,Card
333,18-10-2017 12:31,221,3621,518,Cash
334,18-10-2017 12:31,23,4513,781,Card
335,18-10-2017 12:31,923,2303,113,Card
336,18-10-2017 12:31,640,3347,375,Cash
337,18-10-2017 12:31,969,876,21,Card
338,18-10-2017 12:31,873,2218,594,Card
339,18-10-2017 12:31,592,1227,155,Cash
340,18-10-2017 12:31,682,3697,136,Card
341,18-10-2017 12:31,153,4811,393,Card
342,18-10-2017 12:31,280,634,885,Cash
343,18-10-2017 12:31,297,1590,974,Card
344,18-10-2017 12:31,8,4019,805,Card
345,18-10-2017 12:31,661,1420,786,Cash
346,18-10-2017 12:31,893,4571,472,Card
347,18-10-2017 12:31,138,686,828,Card
348,18-10-2017 12:31,906,2828,473,Cash
349,18-10-2017 12:31,631,3077,109,Card
350,18-10-2017 12:31,4,2754,849,Card
351,18-10-2017 12:31,933,2329,197,Cash
352,18-10-2017 12:31,734,1757,916,Card
353,18-10-2017 12:31,241,4891,156,Card
354,18-10-2017 12:31,181,3763,526,Cash
355,18-10-2017 12:31,38,3335,450,Card
356,18-10-2017 12:31,753,4137,939,Card
357,18-10-2017 12:31,781,1725,981,Cash
358,18-10-2017 12:31,433,2351,673,Card
359,18-10-2017 12:31,768,4748,232,Card
360,18-10-2017 12:31,460,3100,906,Cash
361,18-10-2017 12:31,429,2292,981,Card
362,18-10-2017 12:31,9,1597,549,Card
363,18-10-2017 12:31,977,2043,618,Cash
364,18-10-2017 12:31,269,2608,699,Card
365,18-10-2017 12:31,328,2304,733,Card
366,18-10-2017 12:31,424,1051,858,Cash
367,18-10-2017 12:31,339,1942,559,Card
368,18-10-2017 12:31,241,3268,635,Card
369,18-10-2017 12:31,377,478,286,Cash
370,18-10-2017 12:31,433,3511,656,Card
371,18-10-2017 12:31,405,4274,129,Card
372,18-10-2017 12:31,175,3035,573,Cash
373,18-10-2017 12:31,735,3637,415,Card
374,18-10-2017 12:31,819,3735,818,Card
375,18-10-2017 12:31,481,4225,94,Cash
376,18-10-2017 12:31,454,1158,82,Card
377,18-10-2017 12:31,992,655,168,Card
378,18-10-2017 12:31,383,4577,816,Cash
379,18-10-2017 12:31,654,3600,179,Card
380,18-10-2017 12:31,287,4646,180,Card
381,18-10-2017 12:31,717,3308,499,Cash
382,18-10-2017 12:31,556,2064,227,Card
383,18-10-2017 12:31,518,1719,394,Card
384,18-10-2017 12:31,278,2280,210,Cash
385,18-10-2017 12:31,16,4522,767,Card
386,18-10-2017 12:31,861,4508,150,Card
387,18-10-2017 12:31,30,1064,630,Cash
388,18-10-2017 12:31,354,3518,975,Card
389,18-10-2017 12:31,820,3880,403,Card
390,18-10-2017 12:31,377,3060,685,Cash
391,18-10-2017 12:31,591,1455,126,Card
392,18-10-2017 12:31,518,4768,559,Card
393,18-10-2017 12:31,559,2273,483,Cash
394,18-10-2017 12:31,830,4115,170,Card
395,18-10-2017 12:31,625,1584,637,Card
396,18-10-2017 12:31,800,4805,355,Cash
397,18-10-2017 12:31,86,2086,95,Card
398,18-10-2017 12:31,713,1676,768,Card
399,18-10-2017 12:31,30,527,218,Cash
400,18-10-2017 12:31,186,2449,987,Card
401,18-10-2017 12:31,534,1980,821,Card
402,18-10-2017 12:31,164,4484,657,Cash
403,18-10-2017 12:31,679,3073,659,Card
404,18-10-2017 12:31,359,3579,778,Card
405,18-10-2017 12:31,724,1652,390,Cash
406,18-10-2017 12:31,738,2258,521,Card
407,18-10-2017 12:31,893,4280,881,Card
408,18-10-2017 12:31,409,3378,185,Cash
409,18-10-2017 12:31,132,1153,739,Card
410,18-10-2017 12:31,479,1821,410,Card
411,18-10-2017 12:31,38,4748,905,Cash
412,18-10-2017 12:31,265,4100,222,Card
413,18-10-2017 12:31,593,4867,426,Card
414,18-10-2017 12:31,490,4459,356,Cash
415,18-10-2017 12:31,169,949,224,Card
416,18-10-2017 12:31,217,4628,2,Card
417,18-10-2017 12:31,352,3466,139,Cash
418,18-10-2017 12:31,260,3466,194,Card
419,18-10-2017 12:31,165,4615,211,Card
420,18-10-2017 12:31,368,1423,935,Cash
421,18-10-2017 12:31,586,3510,730,Card
422,18-10-2017 12:31,151,437,169,Card
423,18-10-2017 12:31,2,4245,136,Cash
424,18-10-2017 12:31,298,3683,347,Card
425,18-10-2017 12:31,219,2691,487,Card
426,18-10-2017 12:31,742,2029,167,Cash
427,18-10-2017 12:31,815,3430,137,Card
428,18-10-2017 12:31,858,532,746,Card
429,18-10-2017 12:31,331,4833,361,Cash
430,18-10-2017 12:31,111,3433,46,Card
431,18-10-2017 12:31,363,469,118,Card
432,18-10-2017 12:31,415,659,174,Cash
433,18-10-2017 12:31,977,2345,121,Card
434,18-10-2017 12:31,405,4955,727,Card
435,18-10-2017 12:31,40,1491,691,Cash
436,18-10-2017 12:31,891,4092,501,Card
437,18-10-2017 12:31,707,4660,871,Card
438,18-10-2017 12:31,550,785,95,Cash
439,18-10-2017 12:31,465,1080,730,Card
440,18-10-2017 12:31,278,1731,660,Card
441,18-10-2017 12:31,632,1685,297,Cash
442,18-10-2017 12:31,792,2468,855,Card
443,18-10-2017 12:31,762,3767,309,Card
444,18-10-2017 12:31,495,2972,420,Cash
445,18-10-2017 12:31,622,3174,110,Card
446,18-10-2017 12:31,978,4081,166,Card
447,18-10-2017 12:31,760,1079,487,Cash
448,18-10-2017 12:31,522,1677,845,Card
449,18-10-2017 12:31,952,1455,658,Card
450,18-10-2017 12:31,381,2394,395,Cash
451,18-10-2017 12:31,471,3574,286,Card
452,18-10-2017 12:31,682,1848,852,Card
453,18-10-2017 12:31,348,4539,587,Cash
454,18-10-2017 12:31,195,2888,118,Card
455,18-10-2017 12:31,104,1682,497,Card
456,18-10-2017 12:31,549,4722,610,Cash
457,18-10-2017 12:31,808,1613,478,Card
458,18-10-2017 12:31,70,4223,786,Card
459,18-10-2017 12:31,117,4448,751,Cash
460,18-10-2017 12:31,990,2035,163,Card
461,18-10-2017 12:31,336,4527,731,Card
462,18-10-2017 12:31,321,2942,497,Cash
463,18-10-2017 12:31,533,1030,477,Card
464,18-10-2017 12:31,357,4936,723,Card
465,18-10-2017 12:31,782,4122,26,Cash
466,18-10-2017 12:31,585,2921,960,Card
467,18-10-2017 12:31,286,2467,834,Card
468,18-10-2017 12:31,592,1972,166,Cash
469,18-10-2017 12:31,342,3929,775,Card
470,18-10-2017 12:31,172,4558,603,Card
471,18-10-2017 12:31,265,4356,546,Cash
472,18-10-2017 12:31,835,2966,194,Card
473,18-10-2017 12:31,911,2088,955,Card
474,18-10-2017 12:31,31,2233,849,Cash
475,18-10-2017 12:31,907,3083,267,Card
476,18-10-2017 12:31,577,3232,758,Card
477,18-10-2017 12:31,565,1033,804,Cash
478,18-10-2017 12:31,899,2756,770,Card
479,18-10-2017 12:31,835,769,82,Card
480,18-10-2017 12:31,207,3773,857,Cash
481,18-10-2017 12:31,939,1959,17,Card
482,18-10-2017 12:31,237,2486,791,Card
483,18-10-2017 12:31,54,2411,768,Cash
484,18-10-2017 12:31,950,4461,154,Card
485,18-10-2017 12:31,167,2563,712,Card
486,18-10-2017 12:31,656,2182,830,Cash
487,18-10-2017 12:31,517,4305,132,Card
488,18-10-2017 12:31,438,2424,511,Card
489,18-10-2017 12:31,773,1379,34,Cash
490,18-10-2017 12:31,161,1669,568,Card
491,18-10-2017 12:31,320,3506,624,Card
492,18-10-2017 12:31,756,2220,840,Cash
493,18-10-2017 12:31,454,4875,437,Card
494,18-10-2017 12:31,898,3166,331,Card
495,18-10-2017 12:31,668,1276,79,Cash
496,18-10-2017 12:31,917,1612,110,Card
497,18-10-2017 12:31,20,4763,104,Card
498,18-10-2017 12:31,472,3363,602,Cash
499,18-10-2017 12:31,846,4648,825,Card
500,18-10-2017 12:31,731,2133,900,Card
501,18-10-2017 12:31,391,2607,126,Cash
502,18-10-2017 12:31,187,4581,815,Card
503,18-10-2017 12:31,828,4530,82,Card
504,18-10-2017 12:31,440,3535,903,Cash
505,18-10-2017 12:31,302,1397,290,Card
506,18-10-2017 12:31,668,1120,750,Card
507,18-10-2017 12:31,839,4598,68,Cash
508,18-10-2017 12:31,245,1109,384,Card
509,18-10-2017 12:31,106,1545,845,Card
510,18-10-2017 12:31,251,2584,849,Cash
511,18-10-2017 12:31,161,1039,582,Card
512,18-10-2017 12:31,388,2010,760,Card
513,18-10-2017 12:31,466,915,676,Cash
514,18-10-2017 12:31,24,1876,380,Card
515,18-10-2017 12:31,80,690,900,Card
516,18-10-2017 12:31,52,2386,828,Cash
517,18-10-2017 12:31,705,1514,947,Card
518,18-10-2017 12:31,356,1270,644,Card
519,18-10-2017 12:31,651,944,675,Cash
520,18-10-2017 12:31,896,1906,385,Card
521,18-10-2017 12:31,249,3562,666,Card
522,18-10-2017 12:31,814,4356,427,Cash
523,18-10-2017 12:31,128,1129,331,Card
524,18-10-2017 12:31,223,1340,937,Card
525,18-10-2017 12:31,832,3624,967,Cash
526,18-10-2017 12:31,625,4942,16,Card
527,18-10-2017 12:31,886,4420,295,Card
528,18-10-2017 12:31,78,1081,277,Cash
529,18-10-2017 12:31,524,3055,567,Card
530,18-10-2017 12:31,490,2364,698,Card
531,18-10-2017 12:31,572,2323,535,Cash
532,18-10-2017 12:31,230,4980,658,Card
533,18-10-2017 12:31,408,3258,223,Card
534,18-10-2017 12:31,763,1787,676,Cash
535,18-10-2017 12:31,758,3580,752,Card
536,18-10-2017 12:31,545,1537,255,Card
537,18-10-2017 12:31,338,425,620,Cash
538,18-10-2017 12:31,491,1533,542,Card
539,18-10-2017 12:31,548,4635,955,Card
540,18-10-2017 12:31,486,1279,330,Cash
541,18-10-2017 12:31,710,2952,4,Card
542,18-10-2017 12:31,320,1835,427,Card
543,18-10-2017 12:31,438,1500,55,Cash
544,18-10-2017 12:31,222,1280,774,Card
545,18-10-2017 12:31,997,2722,5,Card
546,18-10-2017 12:31,639,1647,701,Cash
547,18-10-2017 12:31,632,3493,436,Card
548,18-10-2017 12:31,356,4291,981,Card
549,18-10-2017 12:31,603,2900,306,Cash
550,18-10-2017 12:31,168,3570,904,Card
551,18-10-2017 12:31,537,3369,142,Card
552,18-10-2017 12:31,449,1515,43,Cash
553,18-10-2017 12:31,734,958,394,Card
554,18-10-2017 12:31,263,1406,555,Card
555,18-10-2017 12:31,796,3352,394,Cash
556,18-10-2017 12:31,868,3279,768,Card
557,18-10-2017 12:31,670,4996,509,Card
558,18-10-2017 12:31,920,3466,138,Cash
559,18-10-2017 12:31,840,2865,995,Card
560,18-10-2017 12:31,93,4526,416,Card
561,18-10-2017 12:31,970,1538,654,Cash
562,18-10-2017 12:31,470,800,332,Card
563,18-10-2017 12:31,245,1618,115,Card
564,18-10-2017 12:31,919,2070,628,Cash
565,18-10-2017 12:31,408,718,233,Card
566,18-10-2017 12:31,767,2436,707,Card
567,18-10-2017 12:31,818,1407,302,Cash
568,18-10-2017 12:31,201,2688,769,Card
569,18-10-2017 12:31,544,3871,960,Card
570,18-10-2017 12:31,913,764,697,Cash
571,18-10-2017 12:31,788,1127,167,Card
572,18-10-2017 12:31,345,3243,764,Card
573,18-10-2017 12:31,323,2507,185,Cash
574,18-10-2017 12:31,623,478,305,Card
575,18-10-2017 12:31,305,4981,549,Card
576,18-10-2017 12:31,205,2642,511,Cash
577,18-10-2017 12:31,616,3037,228,Card
578,18-10-2017 12:31,156,2451,504,Card
579,18-10-2017 12:31,146,3810,314,Cash
580,18-10-2017 12:31,163,3668,764,Card
581,18-10-2017 12:31,252,2941,891,Card
582,18-10-2017 12:31,471,3606,864,Cash
583,18-10-2017 12:31,803,4657,366,Card
584,18-10-2017 12:31,887,3287,93,Card
585,18-10-2017 12:31,361,4746,184,Cash
586,18-10-2017 12:31,579,1881,186,Card
587,18-10-2017 12:31,954,3195,306,Card
588,18-10-2017 12:31,362,3361,534,Cash
589,18-10-2017 12:31,23,914,746,Card
590,18-10-2017 12:31,826,885,249,Card
591,18-10-2017 12:31,430,4321,850,Cash
592,18-10-2017 12:31,822,1892,14,Card
593,18-10-2017 12:31,679,4601,245,Card
594,18-10-2017 12:31,206,1611,794,Cash
595,18-10-2017 12:31,306,3184,806,Card
596,18-10-2017 12:31,510,3093,484,Card
597,18-10-2017 12:31,133,935,205,Cash
598,18-10-2017 12:31,971,3700,38,Card
599,18-10-2017 12:31,992,4663,825,Card
600,18-10-2017 12:31,234,2784,458,Cash
601,18-10-2017 12:31,42,3804,681,Card
602,18-10-2017 12:31,537,1089,632,Card
603,18-10-2017 12:31,26,3989,496,Cash
604,18-10-2017 12:31,86,659,360,Card
605,18-10-2017 12:31,354,3446,990,Card
606,18-10-2017 12:31,735,3976,87,Cash
607,18-10-2017 12:31,90,2710,805,Card
608,18-10-2017 12:31,647,1132,188,Card
609,18-10-2017 12:31,26,3763,772,Cash
610,18-10-2017 12:31,940,908,858,Card
611,18-10-2017 12:31,705,580,541,Card
612,18-10-2017 12:31,544,4616,398,Cash
613,18-10-2017 12:31,728,4537,412,Card
614,18-10-2017 12:31,753,1032,26,Card
615,18-10-2017 12:31,793,2035,796,Cash
616,18-10-2017 12:31,31,979,337,Card
617,18-10-2017 12:31,963,858,543,Card
618,18-10-2017 12:31,636,3832,998,Cash
619,18-10-2017 12:31,771,3134,445,Card
620,18-10-2017 12:31,4,3926,144,Card
621,18-10-2017 12:31,547,3677,746,Cash
622,18-10-2017 12:31,873,2100,318,Card
623,18-10-2017 12:31,277,574,456,Card
624,18-10-2017 12:31,373,4801,993,Cash
625,18-10-2017 12:31,904,2576,647,Card
626,18-10-2017 12:31,457,3194,723,Card
627,18-10-2017 12:31,727,4881,716,Cash
628,18-10-2017 12:31,500,1558,521,Card
629,18-10-2017 12:31,326,2017,438,Card
630,18-10-2017 12:31,897,2254,61,Cash
631,18-10-2017 12:31,696,4871,526,Card
632,18-10-2017 12:31,778,4342,392,Card
633,18-10-2017 12:31,754,795,979,Cash
634,18-10-2017 12:31,272,3865,700,Card
635,18-10-2017 12:31,63,3849,416,Card
636,18-10-2017 12:31,616,1043,74,Cash
637,18-10-2017 12:31,910,2133,72,Card
638,18-10-2017 12:31,793,3251,699,Card
639,18-10-2017 12:31,387,947,610,Cash
640,18-10-2017 12:31,504,635,495,Card
641,18-10-2017 12:31,668,3646,555,Card
642,18-10-2017 12:31,857,3423,274,Cash
643,18-10-2017 12:31,54,4608,498,Card
644,18-10-2017 12:31,819,4877,180,Card
645,18-10-2017 12:31,794,2364,432,Cash
646,18-10-2017 12:31,735,3898,769,Card
647,18-10-2017 12:31,791,3293,388,Card
648,18-10-2017 12:31,613,3922,211,Cash
649,18-10-2017 12:31,443,995,132,Card
650,18-10-2017 12:31,944,3815,444,Card
651,18-10-2017 12:31,31,926,669,Cash
652,18-10-2017 12:31,907,2170,668,Card
653,18-10-2017 12:31,515,1971,612,Card
654,18-10-2017 12:31,397,2882,27,Cash
655,18-10-2017 12:31,402,797,331,Card
656,18-10-2017 12:31,326,3201,229,Card
657,18-10-2017 12:31,820,2970,504,Cash
658,18-10-2017 12:31,437,4047,42,Card
659,18-10-2017 12:31,831,2778,24,Card
660,18-10-2017 12:31,397,4453,438,Cash
661,18-10-2017 12:31,613,2120,343,Card
662,18-10-2017 12:31,593,2327,155,Card
663,18-10-2017 12:31,985,4197,633,Cash
664,18-10-2017 12:31,156,2566,181,Card
665,18-10-2017 12:31,340,1361,356,Card
666,18-10-2017 12:31,947,726,693,Cash
667,18-10-2017 12:31,876,2911,971,Card
668,18-10-2017 12:31,692,3617,608,Card
669,18-10-2017 12:31,111,1389,774,Cash
670,18-10-2017 12:31,855,3124,630,Card
671,18-10-2017 12:31,828,3071,135,Card
672,18-10-2017 12:31,650,3650,103,Cash
673,18-10-2017 12:31,578,626,974,Card
674,18-10-2017 12:31,683,806,220,Card
675,18-10-2017 12:31,742,4041,89,Cash
676,18-10-2017 12:31,409,2701,271,Card
677,18-10-2017 12:31,202,3771,93,Card
678,18-10-2017 12:31,715,905,747,Cash
679,18-10-2017 12:31,148,609,87,Card
680,18-10-2017 12:31,371,4545,4,Card
681,18-10-2017 12:31,331,2273,517,Cash
682,18-10-2017 12:31,435,2018,799,Card
683,18-10-2017 12:31,549,3950,647,Card
684,18-10-2017 12:31,570,4897,890,Cash
685,18-10-2017 12:31,213,1687,661,Card
686,18-10-2017 12:31,7,2141,923,Card
687,18-10-2017 12:31,362,4946,409,Cash
688,18-10-2017 12:31,545,3799,366,Card
689,18-10-2017 12:31,8,1236,551,Card
690,18-10-2017 12:31,466,1368,618,Cash
691,18-10-2017 12:31,935,2934,402,Card
692,18-10-2017 12:31,270,998,319,Card
693,18-10-2017 12:31,227,3849,99,Cash
694,18-10-2017 12:31,731,2394,900,Card
695,18-10-2017 12:31,123,1227,241,Card
696,18-10-2017 12:31,942,498,869,Cash
697,18-10-2017 12:31,965,817,893,Card
698,18-10-2017 12:31,328,4774,447,Card
699,18-10-2017 12:31,141,4563,76,Cash
700,18-10-2017 12:31,671,2896,842,Card
701,18-10-2017 12:31,724,3448,550,Card
702,18-10-2017 12:31,497,4327,381,Cash
703,18-10-2017 12:31,144,919,33,Card
704,18-10-2017 12:31,813,902,813,Card
705,18-10-2017 12:31,752,692,805,Cash
706,18-10-2017 12:31,635,4287,657,Card
707,18-10-2017 12:31,714,2547,335,Card
708,18-10-2017 12:31,855,734,453,Cash
709,18-10-2017 12:31,125,1048,501,Card
710,18-10-2017 12:31,345,704,437,Card
711,18-10-2017 12:31,45,4116,726,Cash
712,18-10-2017 12:31,456,3467,979,Card
713,18-10-2017 12:31,956,2687,522,Card
714,18-10-2017 12:31,709,3166,866,Cash
715,18-10-2017 12:31,252,1450,818,Card
716,18-10-2017 12:31,716,3054,371,Card
717,18-10-2017 12:31,842,3493,519,Cash
718,18-10-2017 12:31,515,3150,604,Card
719,18-10-2017 12:31,325,4497,161,Card
720,18-10-2017 12:31,577,1055,541,Cash
721,18-10-2017 12:31,772,1633,532,Card
722,18-10-2017 12:31,989,4712,104,Card
723,18-10-2017 12:31,540,2193,605,Cash
724,18-10-2017 12:31,590,2868,395,Card
725,18-10-2017 12:31,491,3238,11,Card
726,18-10-2017 12:31,709,1373,747,Cash
727,18-10-2017 12:31,591,3902,442,Card
728,18-10-2017 12:31,882,4025,872,Card
729,18-10-2017 12:31,538,4736,543,Cash
730,18-10-2017 12:31,927,3228,197,Card
731,18-10-2017 12:31,386,2042,330,Card
732,18-10-2017 12:31,337,4852,100,Cash
733,18-10-2017 12:31,616,4931,408,Card
734,18-10-2017 12:31,578,527,74,Card
735,18-10-2017 12:31,497,2735,789,Cash
736,18-10-2017 12:31,530,4914,80,Card
737,18-10-2017 12:31,253,2063,120,Card
738,18-10-2017 12:31,641,1317,3,Cash
739,18-10-2017 12:31,489,3722,160,Card
740,18-10-2017 12:31,146,4882,710,Card
741,18-10-2017 12:31,689,792,252,Cash
742,18-10-2017 12:31,655,3772,113,Card
743,18-10-2017 12:31,59,3978,370,Card
744,18-10-2017 12:31,419,404,690,Cash
745,18-10-2017 12:31,107,1698,148,Card
746,18-10-2017 12:31,101,1197,156,Card
747,18-10-2017 12:31,528,2878,452,Cash
748,18-10-2017 12:31,865,711,8,Card
749,18-10-2017 12:31,609,3777,873,Card
750,18-10-2017 12:31,582,2596,309,Cash
751,18-10-2017 12:31,418,4829,337,Card
752,18-10-2017 12:31,909,3525,704,Card
753,18-10-2017 12:31,965,1021,770,Cash
754,18-10-2017 12:31,757,1347,82,Card
755,18-10-2017 12:31,61,3223,256,Card
756,18-10-2017 12:31,907,973,149,Cash
757,18-10-2017 12:31,881,3244,445,Card
758,18-10-2017 12:31,321,4033,73,Card
759,18-10-2017 12:31,248,3778,811,Cash
760,18-10-2017 12:31,777,3260,201,Card
761,18-10-2017 12:31,77,1514,499,Card
762,18-10-2017 12:31,516,3556,103,Cash
763,18-10-2017 12:31,293,4824,367,Card
764,18-10-2017 12:31,849,672,108,Card
765,18-10-2017 12:31,400,3643,129,Cash
766,18-10-2017 12:31,811,3785,306,Card
767,18-10-2017 12:31,721,3011,20,Card
768,18-10-2017 12:31,172,3978,9,Cash
769,18-10-2017 12:31,181,2720,960,Card
770,18-10-2017 12:31,34,4572,915,Card
771,18-10-2017 12:31,571,3403,811,Cash
772,18-10-2017 12:31,596,1334,35,Card
773,18-10-2017 12:31,496,3463,551,Card
774,18-10-2017 12:31,12,1649,45,Cash
775,18-10-2017 12:31,337,4287,55,Card
776,18-10-2017 12:31,391,4209,790,Card
777,18-10-2017 12:31,278,2285,812,Cash
778,18-10-2017 12:31,343,4157,235,Card
779,18-10-2017 12:31,562,2007,584,Card
780,18-10-2017 12:31,150,3422,388,Cash
781,18-10-2017 12:31,954,1655,139,Card
782,18-10-2017 12:31,844,1561,82,Card
783,18-10-2017 12:31,59,2595,310,Cash
784,18-10-2017 12:31,697,3286,544,Card
785,18-10-2017 12:31,229,2710,962,Card
786,18-10-2017 12:31,935,3181,270,Cash
787,18-10-2017 12:31,789,2309,361,Card
788,18-10-2017 12:31,622,404,83,Card
789,18-10-2017 12:31,236,1439,727,Cash
790,18-10-2017 12:31,546,701,694,Card
791,18-10-2017 12:31,140,4570,439,Card
792,18-10-2017 12:31,249,2937,722,Cash
793,18-10-2017 12:31,804,1602,565,Card
794,18-10-2017 12:31,989,683,748,Card
795,18-10-2017 12:31,25,3415,567,Cash
796,18-10-2017 12:31,27,4866,922,Card
797,18-10-2017 12:31,573,1066,184,Card
798,18-10-2017 12:31,55,3072,497,Cash
799,18-10-2017 12:31,545,4847,275,Card
800,18-10-2017 12:31,275,1027,11,Card
801,18-10-2017 12:31,997,2835,742,Cash
802,18-10-2017 12:31,427,640,113,Card
803,18-10-2017 12:31,237,489,810,Card
804,18-10-2017 12:31,25,3486,753,Cash
805,18-10-2017 12:31,989,3946,911,Card
806,18-10-2017 12:31,500,3242,78,Card
807,18-10-2017 12:31,986,3486,699,Cash
808,18-10-2017 12:31,597,3261,31,Card
809,18-10-2017 12:31,271,1085,844,Card
810,18-10-2017 12:31,441,3953,880,Cash
811,18-10-2017 12:31,248,4184,322,Card
812,18-10-2017 12:31,852,2953,966,Card
813,18-10-2017 12:31,256,3539,219,Cash
814,18-10-2017 12:31,698,4794,695,Card
815,18-10-2017 12:31,829,1887,938,Card
816,18-10-2017 12:31,755,1566,735,Cash
817,18-10-2017 12:31,549,2822,576,Card
818,18-10-2017 12:31,775,1874,162,Card
819,18-10-2017 12:31,999,4686,789,Cash
820,18-10-2017 12:31,433,1180,924,Card
821,18-10-2017 12:31,991,3388,171,Card
822,18-10-2017 12:31,234,3011,468,Cash
823,18-10-2017 12:31,422,1587,214,Card
824,18-10-2017 12:31,350,4804,996,Card
825,18-10-2017 12:31,841,4780,68,Cash
826,18-10-2017 12:31,918,2971,987,Card
827,18-10-2017 12:31,130,1653,172,Card
828,18-10-2017 12:31,67,1684,535,Cash
829,18-10-2017 12:31,50,3358,780,Card
830,18-10-2017 12:31,414,3930,997,Card
831,18-10-2017 12:31,403,1742,352,Cash
832,18-10-2017 12:31,404,496,971,Card
833,18-10-2017 12:31,187,843,700,Card
834,18-10-2017 12:31,271,4454,880,Cash
835,18-10-2017 12:31,232,624,132,Card
836,18-10-2017 12:31,391,2950,566,Card
837,18-10-2017 12:31,80,3891,354,Cash
838,18-10-2017 12:31,418,4844,603,Card
839,18-10-2017 12:31,558,2716,987,Card
840,18-10-2017 12:31,427,997,171,Cash
841,18-10-2017 12:31,966,4565,51,Card
842,18-10-2017 12:31,66,3405,238,Card
843,18-10-2017 12:31,488,4462,785,Cash
844,18-10-2017 12:31,755,2010,423,Card
845,18-10-2017 12:31,187,3209,742,Card
846,18-10-2017 12:31,198,4659,98,Cash
847,18-10-2017 12:31,21,4573,878,Card
848,18-10-2017 12:31,169,4128,399,Card
849,18-10-2017 12:31,989,2121,768,Cash
850,18-10-2017 12:31,135,3423,562,Card
851,18-10-2017 12:31,270,3895,561,Card
852,18-10-2017 12:31,354,2363,237,Cash
853,18-10-2017 12:31,595,637,408,Card
854,18-10-2017 12:31,340,3816,480,Card
855,18-10-2017 12:31,667,2890,787,Cash
856,18-10-2017 12:31,307,968,835,Card
857,18-10-2017 12:31,274,1109,904,Card
858,18-10-2017 12:31,197,4714,488,Cash
859,18-10-2017 12:31,645,3621,765,Card
860,18-10-2017 12:31,312,643,638,Card
861,18-10-2017 12:31,839,1273,278,Cash
862,18-10-2017 12:31,226,3608,108,Card
863,18-10-2017 12:31,420,4813,305,Card
864,18-10-2017 12:31,709,4461,32,Cash
865,18-10-2017 12:31,22,1645,61,Card
866,18-10-2017 12:31,171,3424,863,Card
867,18-10-2017 12:31,540,3764,981,Cash
868,18-10-2017 12:31,521,4274,333,Card
869,18-10-2017 12:31,319,3663,249,Card
870,18-10-2017 12:31,396,4363,31,Cash
871,18-10-2017 12:31,101,2085,436,Card
872,18-10-2017 12:31,876,4300,101,Card
873,18-10-2017 12:31,855,2866,377,Cash
874,18-10-2017 12:31,837,3285,190,Card
875,18-10-2017 12:31,494,2907,635,Card
876,18-10-2017 12:31,91,4062,564,Cash
877,18-10-2017 12:31,864,2877,557,Card
878,18-10-2017 12:31,200,679,910,Card
879,18-10-2017 12:31,631,1064,104,Cash
880,18-10-2017 12:31,746,4792,680,Card
881,18-10-2017 12:31,612,2516,658,Card
882,18-10-2017 12:31,797,3590,438,Cash
883,18-10-2017 12:31,241,2402,130,Card
884,18-10-2017 12:31,99,4731,915,Card
885,18-10-2017 12:31,880,4951,81,Cash
886,18-10-2017 12:31,299,3207,188,Card
887,18-10-2017 12:31,401,944,917,Card
888,18-10-2017 12:31,699,2521,58,Cash
889,18-10-2017 12:31,176,1121,517,Card
890,18-10-2017 12:31,353,2027,723,Card
891,18-10-2017 12:31,167,3283,315,Cash
892,18-10-2017 12:31,709,4891,856,Card
893,18-10-2017 12:31,303,1689,132,Card
894,18-10-2017 12:31,252,3137,650,Cash
895,18-10-2017 12:31,519,1448,764,Card
896,18-10-2017 12:31,591,2695,767,Card
897,18-10-2017 12:31,321,1220,978,Cash
898,18-10-2017 12:31,331,2260,864,Card
899,18-10-2017 12:31,834,3322,737,Card
900,18-10-2017 12:31,341,4749,320,Cash
901,18-10-2017 12:31,213,3035,279,Card
902,18-10-2017 12:31,847,4874,211,Card
903,18-10-2017 12:31,653,4749,250,Cash
904,18-10-2017 12:31,395,1254,403,Card
905,18-10-2017 12:31,747,3519,926,Card
906,18-10-2017 12:31,531,3997,233,Cash
907,18-10-2017 12:31,487,493,332,Card
908,18-10-2017 12:31,609,1305,862,Card
909,18-10-2017 12:31,426,1875,687,Cash
910,18-10-2017 12:31,241,1595,323,Card
911,18-10-2017 12:31,844,830,900,Card
912,18-10-2017 12:31,511,1395,695,Cash
913,18-10-2017 12:31,224,954,759,Card
914,18-10-2017 12:31,203,4301,539,Card
915,18-10-2017 12:31,155,3413,485,Cash
916,18-10-2017 12:31,463,1209,890,Card
917,18-10-2017 12:31,525,2335,706,Card
918,18-10-2017 12:31,558,2974,609,Cash
919,18-10-2017 12:31,332,4412,791,Card
920,18-10-2017 12:31,48,2084,943,Card
921,18-10-2017 12:31,841,4731,904,Cash
922,18-10-2017 12:31,690,3745,834,Card
923,18-10-2017 12:31,847,1948,672,Card
924,18-10-2017 12:31,779,3448,39,Cash
925,18-10-2017 12:31,402,3824,864,Card
926,18-10-2017 12:31,222,1655,961,Card
927,18-10-2017 12:31,578,3675,564,Cash
928,18-10-2017 12:31,382,1306,663,Card
929,18-10-2017 12:31,904,1380,639,Card
930,18-10-2017 12:31,609,3877,47,Cash
931,18-10-2017 12:31,945,1005,295,Card
932,18-10-2017 12:31,178,1877,37,Card
933,18-10-2017 12:31,923,4553,644,Cash
934,18-10-2017 12:31,465,2982,144,Card
935,18-10-2017 12:31,580,1431,529,Card
936,18-10-2017 12:31,689,4728,325,Cash
937,18-10-2017 12:31,423,4825,481,Card
938,18-10-2017 12:31,808,2730,345,Card
939,18-10-2017 12:31,555,1287,40,Cash
940,18-10-2017 12:31,592,847,800,Card
941,18-10-2017 12:31,142,4583,965,Card
942,18-10-2017 12:31,170,1178,881,Cash
943,18-10-2017 12:31,842,3929,359,Card
944,18-10-2017 12:31,325,4876,363,Card
945,18-10-2017 12:31,69,4800,849,Cash
946,18-10-2017 12:31,55,975,860,Card
947,18-10-2017 12:31,974,4651,366,Card
948,18-10-2017 12:31,361,2265,350,Cash
949,18-10-2017 12:31,628,3983,925,Card
950,18-10-2017 12:31,674,1918,842,Card
951,18-10-2017 12:31,537,4056,420,Cash
952,18-10-2017 12:31,562,3508,441,Card
953,18-10-2017 12:31,508,4456,559,Card
954,18-10-2017 12:31,932,2395,673,Cash
955,18-10-2017 12:31,827,2482,659,Card
956,18-10-2017 12:31,969,2526,607,Card
957,18-10-2017 12:31,801,3988,351,Cash
958,18-10-2017 12:31,843,2959,543,Card
959,18-10-2017 12:31,981,1225,510,Card
960,18-10-2017 12:31,388,1400,180,Cash
961,18-10-2017 12:31,77,1402,804,Card
962,18-10-2017 12:31,403,3663,298,Card
963,18-10-2017 12:31,321,2745,463,Cash
964,18-10-2017 12:31,442,1973,531,Card
965,18-10-2017 12:31,242,631,448,Card
966,18-10-2017 12:31,562,3298,986,Cash
967,18-10-2017 12:31,884,2049,285,Card
968,18-10-2017 12:31,186,4229,714,Card
969,18-10-2017 12:31,113,3612,557,Cash
970,18-10-2017 12:31,673,2359,391,Card
971,18-10-2017 12:31,588,3886,854,Card
972,18-10-2017 12:31,925,1084,700,Cash
973,18-10-2017 12:31,2,4717,842,Card
974,18-10-2017 12:31,355,3065,113,Card
975,18-10-2017 12:31,523,4878,24,Cash
976,18-10-2017 12:31,553,3535,275,Card
977,18-10-2017 12:31,344,777,809,Card
978,18-10-2017 12:31,228,4192,477,Cash
979,18-10-2017 12:31,421,3801,12,Card
980,18-10-2017 12:31,139,4767,135,Card
981,18-10-2017 12:31,434,3085,187,Cash
982,18-10-2017 12:31,411,4830,383,Card
983,18-10-2017 12:31,431,3458,900,Card
984,18-10-2017 12:31,585,1333,946,Cash
985,18-10-2017 12:31,470,483,706,Card
986,18-10-2017 12:31,850,954,959,Card
987,18-10-2017 12:31,531,3372,938,Cash
988,18-10-2017 12:31,391,1273,193,Card
989,18-10-2017 12:31,258,4895,995,Card
990,18-10-2017 12:31,4,1892,548,Cash
991,18-10-2017 12:31,388,2208,487,Card
992,18-10-2017 12:31,382,4176,75,Card
993,18-10-2017 12:31,301,2570,407,Cash
994,18-10-2017 12:31,281,2174,7,Card
995,18-10-2017 12:31,222,1011,755,Card
996,18-10-2017 12:31,653,2872,155,Cash
997,18-10-2017 12:31,849,815,386,Card
998,18-10-2017 12:31,939,3932,529,Card
999,18-10-2017 12:31,547,3021,774,Cash
1000,18-10-2017 12:31,204,2314,828,Card
